Wavelength (Ang),Flux
2222.29,2.09578e-17
2222.80,1.31259e-16
2223.31,-3.39998e-17
2223.83,7.62541e-17
2224.34,-3.38511e-17
2224.86,-3.38077e-17
2225.37,-3.35969e-17
2225.89,-6.35035e-18
2226.40,-1.52400e-17
2226.91,3.81411e-17
2227.43,7.38433e-17
2227.94,-3.31453e-17
2228.46,2.06488e-17
2228.97,2.07662e-17
2229.49,6.21199e-17
2230.00,4.83490e-17
2230.52,-1.20369e-17
2231.03,7.57537e-17
2231.54,-1.05426e-18
2232.06,9.95782e-18
2232.57,2.09688e-17
2233.09,9.89885e-18
2233.60,-2.27558e-17
2234.12,-1.05991e-18
2234.63,-3.30360e-17
2235.14,-4.38708e-17
2235.66,2.04799e-17
2236.17,-1.19653e-17
2236.69,2.06761e-17
2237.20,-1.20101e-17
2237.72,3.13664e-17
2238.23,-4.41252e-17
2238.74,-1.11765e-18
2239.26,-1.18515e-17
2239.77,4.19840e-17
2240.29,9.66280e-18
2240.80,-2.28711e-17
2241.31,-1.20534e-17
2241.83,-1.17025e-18
2242.34,-1.17145e-18
2242.86,-1.19468e-17
2243.37,-1.17030e-18
2243.89,2.00771e-17
2244.40,-5.37033e-17
2244.91,9.23610e-18
2245.43,-1.15244e-18
2245.94,-3.20630e-17
2246.46,1.95047e-17
2246.97,9.20299e-18
2247.48,9.27605e-18
2248.00,-3.27294e-17
2248.51,-2.23016e-17
2249.03,4.10064e-17
2249.54,-1.22038e-18
2250.06,-1.17190e-17
2250.57,-4.29209e-17
2251.08,-1.15821e-17
2251.60,5.03190e-17
2252.11,9.04053e-18
2252.63,-1.13857e-17
2253.14,-1.21083e-18
2253.65,-1.13817e-17
2254.17,3.94939e-17
2254.68,8.92466e-18
2255.20,8.87672e-18
2255.71,-2.13933e-17
2256.22,8.89080e-18
2256.74,-1.14943e-17
2257.25,-2.20505e-17
2257.77,-2.23584e-17
2258.28,-1.31464e-18
2258.79,-2.24797e-17
2259.31,-3.27555e-17
2259.82,1.94616e-17
2260.34,9.01529e-18
2260.85,2.94495e-17
2261.36,-1.14432e-17
2261.88,-2.12981e-17
2262.39,7.80356e-17
2262.91,2.84746e-17
2263.42,-2.13387e-17
2263.93,-2.16702e-17
2264.45,-2.19517e-17
2264.96,9.05264e-18
2265.48,-2.22417e-17
2265.99,1.94811e-17
2266.50,-2.21232e-17
2267.02,7.06674e-17
2267.53,-2.17784e-17
2268.05,-1.34363e-18
2268.56,8.74781e-18
2269.07,-1.13606e-17
2269.59,-1.12447e-17
2270.10,4.76427e-17
2270.62,-3.03342e-17
2271.13,5.63336e-17
2271.64,-1.29887e-18
2272.16,-1.09034e-17
2272.67,8.32925e-18
2273.19,-3.04474e-17
2273.70,3.03935e-17
2274.21,4.28510e-17
2274.73,4.29020e-17
2275.24,-6.26130e-18
2275.75,5.96089e-18
2276.27,-1.83527e-17
2276.78,5.44585e-17
2277.30,4.23707e-17
2277.81,-3.05336e-17
2278.32,-1.84011e-17
2278.84,-3.04294e-17
2279.35,1.78703e-17
2279.86,-1.79745e-17
2280.38,-4.14613e-17
2280.89,1.75093e-17
2281.41,5.73648e-18
2281.92,-2.98176e-17
2282.43,1.76754e-17
2282.95,5.78197e-18
2283.46,-1.80654e-17
2283.98,1.77202e-17
2284.49,2.73531e-17
2285.00,-2.06216e-17
2285.52,4.65536e-17
2286.03,-1.39959e-18
2286.54,1.77765e-17
2287.06,8.20743e-18
2287.57,8.20688e-18
2288.08,-1.40945e-18
2288.60,-1.08588e-17
2289.11,7.98973e-18
2289.63,-1.06927e-17
2290.14,7.87315e-18
2290.65,7.80666e-18
2291.17,-2.87812e-17
2291.68,-1.05349e-17
2292.19,-1.05954e-17
2292.71,7.90217e-18
2293.22,-1.07499e-17
2293.74,5.46110e-17
2294.25,6.34217e-17
2294.76,-1.05657e-17
2295.28,-2.87740e-17
2295.79,-1.05301e-17
2296.30,-2.90618e-17
2296.82,-1.43238e-18
2297.33,-1.45486e-18
2297.84,5.59548e-17
2298.36,-1.10247e-17
2298.87,8.02369e-18
2299.39,-3.91671e-17
2299.90,-1.45314e-18
2300.41,3.60500e-17
2300.93,-2.01129e-17
2301.44,1.70842e-17
2301.95,-2.89318e-17
2302.47,-4.66849e-17
2302.98,-1.93458e-17
2303.49,-1.39652e-18
2304.01,-1.39152e-18
2304.52,1.61859e-17
2305.03,-2.75164e-17
2305.55,7.26898e-18
2306.06,-9.93633e-18
2306.58,1.56969e-17
2307.09,-4.37661e-17
2307.60,-1.34146e-18
2308.12,-1.81038e-17
2308.63,7.01214e-18
2309.14,-1.79203e-17
2309.66,-1.32493e-18
2310.17,3.19401e-17
2310.68,7.03212e-18
2311.20,-1.83012e-17
2311.71,-1.37998e-18
2312.22,-1.01437e-17
2312.74,8.78941e-17
2313.25,7.67497e-18
2313.76,7.86690e-18
2314.28,-1.11982e-17
2314.79,7.74152e-17
2315.30,2.84761e-17
2315.82,-1.64508e-18
2316.33,1.84809e-17
2316.84,-1.15933e-17
2317.36,3.76194e-17
2317.87,1.76307e-17
2318.39,-1.08996e-17
2318.90,8.94626e-17
2319.41,1.62336e-17
2319.93,4.16299e-17
2320.44,7.02303e-18
2320.95,4.82293e-17
2321.47,-2.59825e-17
2321.98,-3.43035e-17
2322.49,-2.63943e-17
2323.01,7.03681e-18
2323.52,-1.84693e-17
2324.03,-2.68665e-17
2324.55,-1.81666e-17
2325.06,1.50885e-17
2325.57,-2.58212e-17
2326.09,2.30254e-17
2326.60,-9.54229e-18
2327.11,6.43990e-17
2327.63,-3.45671e-17
2328.14,2.36734e-17
2328.65,-9.84130e-18
2329.17,7.04494e-18
2329.68,1.55432e-17
2330.19,4.93645e-17
2330.71,-9.85832e-18
2331.22,-9.81330e-18
2331.73,6.96954e-18
2332.25,1.53565e-17
2332.76,7.00372e-18
2333.27,-1.84239e-17
2333.78,1.56256e-17
2334.30,7.08905e-18
2334.81,-3.54619e-17
2335.32,1.54456e-17
2335.84,2.37213e-17
2336.35,4.03270e-17
2336.86,6.90898e-18
2337.38,-1.81037e-17
2337.89,-2.64146e-17
2338.40,-1.80573e-17
2338.92,-9.73949e-18
2339.43,-9.73762e-18
2339.94,-3.47360e-17
2340.46,-1.42683e-18
2340.97,-1.42350e-18
2341.48,6.84397e-18
2342.00,3.15554e-17
2342.51,6.78776e-18
2343.02,1.48009e-17
2343.54,1.45621e-17
2344.05,-2.49412e-17
2344.56,-1.34644e-18
2345.08,3.73033e-17
2345.59,4.48913e-17
2346.10,-9.03381e-18
2346.61,-3.23583e-17
2347.13,1.42937e-17
2347.64,3.83301e-17
2348.15,-1.75714e-17
2348.67,2.33211e-17
2349.18,-1.83581e-17
2349.69,-1.01171e-17
2350.21,-2.78606e-17
2350.72,-1.93808e-17
2351.23,-1.06097e-17
2351.75,7.51298e-18
2352.26,-1.59308e-18
2352.77,2.55487e-17
2353.29,-4.60353e-17
2353.80,-1.51616e-18
2354.31,-9.88113e-18
2354.82,5.58962e-17
2355.34,2.26868e-17
2355.85,-1.72114e-17
2356.36,-9.14801e-18
2356.88,2.94584e-17
2357.39,2.91689e-17
2357.90,-1.33500e-18
2358.42,1.37251e-17
2358.93,1.36492e-17
2359.44,-2.37103e-17
2359.96,4.37560e-17
2360.47,-1.34509e-18
2360.98,-9.12930e-18
2361.49,-1.38879e-18
2362.01,-9.29425e-18
2362.52,-1.39115e-18
2363.03,-1.37795e-18
2363.55,3.71662e-17
2364.06,-1.66161e-17
2364.57,-1.34431e-18
2365.08,2.88196e-17
2365.60,-2.38759e-17
2366.11,2.10737e-17
2366.62,-3.11351e-17
2367.14,2.84635e-17
2367.65,1.36797e-17
2368.16,-8.89718e-18
2368.68,-3.17880e-17
2369.19,2.14837e-17
2369.70,-2.41753e-17
2370.21,-2.41234e-17
2370.73,-1.65154e-17
2371.24,-1.35610e-18
2371.75,-9.08190e-18
2372.27,-9.25198e-18
2372.78,-2.52731e-17
2373.29,-1.74120e-17
2373.80,-1.41703e-18
2374.32,1.42296e-17
2374.83,2.15277e-17
2375.34,2.86163e-17
2375.86,6.09760e-18
2376.37,-8.72345e-18
2376.88,6.07663e-18
2377.40,1.34597e-17
2377.91,-2.35198e-17
2378.42,-8.72115e-18
2378.93,1.35187e-17
2379.45,2.82961e-17
2379.96,-8.69220e-18
2380.47,-2.32159e-17
2380.98,-1.30367e-18
2381.50,2.04491e-17
2382.01,-1.29645e-18
2382.52,-3.75210e-17
2383.04,-1.58660e-17
2383.55,-1.32211e-18
2384.06,6.11059e-18
2384.57,-8.91709e-18
2385.09,6.28837e-18
2385.60,-9.19815e-18
2386.11,-4.87905e-17
2386.63,-1.73873e-17
2387.14,-1.43587e-18
2387.65,-9.41075e-18
2388.16,6.47115e-18
2388.68,-9.12962e-18
2389.19,6.19882e-18
2389.70,2.08362e-17
2390.22,2.04296e-17
2390.73,-8.39929e-18
2391.24,-1.26323e-18
2391.75,1.96949e-17
2392.27,1.96747e-17
2392.78,-2.22745e-17
2393.29,1.97975e-17
2393.80,5.77931e-18
2394.32,-1.53809e-17
2394.83,-1.53748e-17
2395.34,1.27933e-17
2395.85,-1.25628e-18
2396.37,2.65273e-17
2396.88,1.95204e-17
2397.39,5.69642e-18
2397.91,1.26242e-17
2398.42,2.64663e-17
2398.93,1.25869e-17
2399.44,-2.21105e-17
2399.96,-8.22062e-18
2400.47,5.70498e-18
2400.98,-2.19185e-17
2401.49,-8.07248e-18
2402.01,-1.48203e-17
2402.52,-3.51859e-17
2403.03,3.27690e-17
2403.54,6.66411e-17
2404.06,1.23141e-17
2404.57,5.50147e-18
2405.08,1.21276e-17
2405.60,-2.10703e-17
2406.11,-7.84956e-18
2406.62,5.52009e-18
2407.13,-8.10392e-18
2407.65,5.73907e-18
2408.16,-1.27306e-18
2408.67,4.80348e-17
2409.18,-1.25168e-18
2409.70,-1.49713e-17
2410.21,-3.53425e-17
2410.72,1.24815e-17
2411.23,-2.89750e-17
2411.75,5.75061e-18
2412.26,-8.35388e-18
2412.77,-8.37742e-18
2413.28,-2.24911e-17
2413.80,5.71996e-18
2414.31,1.25506e-17
2414.82,-2.17759e-17
2415.33,-1.23754e-18
2415.85,5.62476e-18
2416.36,5.61408e-18
2416.87,1.23091e-17
2417.38,5.50206e-18
2417.90,-7.83235e-18
2418.41,-1.43802e-17
2418.92,2.51046e-17
2419.43,2.51080e-17
2419.95,-2.09967e-17
2420.46,-2.77166e-17
2420.97,-2.12000e-17
2421.48,1.21564e-17
2422.00,1.21839e-17
2422.51,-1.20193e-18
2423.02,-7.86208e-18
2423.53,2.52463e-17
2424.05,5.11851e-17
2424.56,-1.41708e-17
2425.07,4.43725e-17
2425.58,1.19112e-17
2426.10,-3.74656e-17
2426.61,-4.49660e-18
2427.12,-1.27897e-17
2427.63,-4.48882e-18
2428.15,1.19727e-17
2428.66,4.44884e-17
2429.17,-2.05876e-17
2429.68,3.59429e-17
2430.20,-4.39796e-18
2430.71,1.18503e-17
2431.22,-2.08091e-17
2431.73,2.29336e-17
2432.25,5.57797e-17
2432.76,5.57598e-17
2433.27,2.27226e-17
2433.78,9.98214e-19
2434.30,-2.03558e-17
2434.81,2.22841e-17
2435.32,-2.03068e-17
2435.83,-2.03412e-17
2436.34,-1.23300e-17
2436.86,-4.33341e-18
2437.37,1.15541e-17
2437.88,3.59852e-18
2438.39,-1.20913e-17
2438.91,1.92490e-17
2439.42,-1.99143e-17
2439.93,1.13806e-17
2440.44,2.17318e-17
2440.96,-9.41417e-18
2441.47,9.62195e-19
2441.98,1.13440e-17
2442.49,3.55515e-18
2443.01,1.13660e-17
2443.52,-4.22058e-18
2444.03,-1.96505e-17
2444.54,1.11426e-17
2445.05,5.64908e-17
2445.57,-1.16353e-17
2446.08,1.86033e-17
2446.59,3.49715e-18
2447.10,3.53405e-18
2447.62,5.79725e-17
2448.13,1.90939e-17
2448.64,-4.21097e-18
2449.15,-4.18389e-18
2449.67,1.12332e-17
2450.18,2.96575e-17
2450.69,-1.09761e-18
2451.20,1.12983e-17
2451.71,2.39513e-17
2452.23,3.04728e-17
2452.74,-2.01497e-17
2453.25,4.30511e-17
2453.76,-1.99921e-17
2454.28,-7.37348e-18
2454.79,-7.33667e-18
2455.30,5.09441e-18
2455.81,2.98143e-17
2456.32,2.99381e-17
2456.84,-2.61596e-17
2457.35,1.15161e-17
2457.86,1.79502e-17
2458.37,2.43365e-17
2458.89,3.06660e-17
2459.40,-1.11605e-18
2459.91,-1.98475e-17
2460.42,-1.96739e-17
2460.93,1.12627e-17
2461.45,1.12657e-17
2461.96,1.74866e-17
2462.47,5.10199e-18
2462.98,-1.09242e-18
2463.49,-1.08798e-18
2464.01,-3.79495e-17
2464.52,-7.20186e-18
2465.03,-1.07404e-18
2465.54,-1.06741e-18
2466.06,-2.51438e-17
2466.57,4.94663e-18
2467.08,-1.05723e-18
2467.59,2.30274e-17
2468.10,-2.53959e-17
2468.62,1.12445e-17
2469.13,1.75938e-17
2469.64,-1.09545e-18
2470.15,-1.96126e-17
2470.66,5.03382e-18
2471.18,-1.05949e-18
2471.69,5.88025e-17
2472.20,1.69036e-17
2472.71,-1.05666e-18
2473.22,5.02140e-18
2473.74,2.34693e-17
2474.25,1.11723e-17
2474.76,-1.92379e-17
2475.27,4.93170e-18
2475.79,-1.03564e-18
2476.30,4.84065e-18
2476.81,1.64687e-17
2477.32,-2.42812e-17
2477.83,3.97752e-17
2478.35,-6.89275e-18
2478.86,-1.02900e-18
2479.37,-6.92778e-18
2479.88,1.66143e-17
2480.39,-1.27258e-17
2480.91,2.22669e-17
2481.42,-1.83479e-17
2481.93,4.76262e-18
2482.44,-2.41809e-17
2482.95,-1.27571e-17
2483.47,-6.98700e-18
2483.98,2.29837e-17
2484.49,-7.09067e-18
2485.00,-1.31326e-17
2485.51,-1.31790e-17
2486.03,-1.05467e-18
2486.54,3.54028e-17
2487.05,2.93418e-17
2487.56,-3.14949e-17
2488.07,-1.05311e-18
2488.59,2.89017e-17
2489.10,3.31222e-17
2489.61,-3.99829e-18
2490.12,-1.15117e-17
2490.63,3.36605e-17
2491.15,-1.93572e-17
2491.66,-1.94431e-17
2492.17,1.11834e-17
2492.68,6.14512e-17
2493.19,9.52630e-19
2493.71,2.04289e-17
2494.22,3.93968e-17
2494.73,-8.64615e-18
2495.24,1.04746e-17
2495.75,4.86726e-17
2496.26,2.94667e-17
2496.78,1.03879e-17
2497.29,1.42648e-16
2497.80,1.61503e-16
2498.31,2.09754e-16
2498.82,2.30543e-16
2499.34,1.84138e-16
2499.85,1.98869e-16
2500.36,1.55211e-16
2500.87,1.53948e-16
2501.38,1.41843e-16
2501.90,1.07150e-16
2502.41,1.53439e-16
2502.92,1.19872e-16
2503.43,1.90231e-16
2503.94,3.03658e-16
2504.46,3.90886e-16
2504.97,7.99418e-16
2505.48,7.69260e-16
2505.99,7.30651e-16
2506.50,7.76771e-16
2507.01,6.85806e-16
2507.53,1.04099e-15
2508.04,1.18461e-15
2508.55,1.42857e-15
2509.06,1.27201e-15
2509.57,9.39955e-16
2510.09,7.51526e-16
2510.60,8.78579e-16
2511.11,1.35839e-15
2511.62,1.63865e-15
2512.13,1.83509e-15
2512.64,1.76331e-15
2513.16,1.81624e-15
2513.67,9.81032e-16
2514.18,6.65948e-16
2514.69,8.50209e-16
2515.20,8.32687e-16
2515.72,1.27279e-15
2516.23,1.61486e-15
2516.74,1.97798e-15
2517.25,2.11177e-15
2517.76,2.15306e-15
2518.27,2.12402e-15
2518.79,1.98711e-15
2519.30,1.48856e-15
2519.81,1.04686e-15
2520.32,9.75303e-16
2520.83,7.71741e-16
2521.34,1.05575e-15
2521.86,1.55990e-15
2522.37,1.92283e-15
2522.88,1.75461e-15
2523.39,2.07929e-15
2523.90,2.11593e-15
2524.41,2.21284e-15
2524.93,2.55083e-15
2525.44,2.47110e-15
2525.95,2.43495e-15
2526.46,2.34524e-15
2526.97,2.15877e-15
2527.49,1.68587e-15
2528.00,1.31847e-15
2528.51,9.47117e-16
2529.02,7.11377e-16
2529.53,8.20223e-16
2530.04,1.31722e-15
2530.56,1.74793e-15
2531.07,1.89480e-15
2531.58,2.27773e-15
2532.09,2.14462e-15
2532.60,2.36959e-15
2533.11,2.54080e-15
2533.63,2.51042e-15
2534.14,2.80072e-15
2534.65,2.60388e-15
2535.16,2.54460e-15
2535.67,2.48748e-15
2536.18,2.78501e-15
2536.70,3.00528e-15
2537.21,2.80475e-15
2537.72,2.67864e-15
2538.23,2.86231e-15
2538.74,2.27161e-15
2539.25,2.36729e-15
2539.77,2.00673e-15
2540.28,1.29316e-15
2540.79,8.96281e-16
2541.30,6.10662e-16
2541.81,8.70062e-16
2542.32,9.64881e-16
2542.83,1.36666e-15
2543.35,1.37729e-15
2543.86,1.59336e-15
2544.37,1.66583e-15
2544.88,1.82775e-15
2545.39,2.11750e-15
2545.90,2.15266e-15
2546.42,2.19045e-15
2546.93,2.01040e-15
2547.44,2.07383e-15
2547.95,2.20074e-15
2548.46,2.12809e-15
2548.97,2.47005e-15
2549.49,2.64987e-15
2550.00,2.79884e-15
2550.51,2.98170e-15
2551.02,2.63318e-15
2551.53,2.58591e-15
2552.04,2.81777e-15
2552.55,2.85078e-15
2553.07,2.74623e-15
2553.58,2.76644e-15
2554.09,2.78409e-15
2554.60,2.66358e-15
2555.11,2.69855e-15
2555.62,2.61353e-15
2556.14,2.50050e-15
2556.65,2.48062e-15
2557.16,2.52118e-15
2557.67,2.41901e-15
2558.18,2.41937e-15
2558.69,2.14981e-15
2559.20,1.65900e-15
2559.72,1.13123e-15
2560.23,8.46147e-16
2560.74,5.48446e-16
2561.25,8.28804e-16
2561.76,1.33284e-15
2562.27,1.45735e-15
2562.79,1.71756e-15
2563.30,1.74835e-15
2563.81,1.92362e-15
2564.32,2.17662e-15
2564.83,2.11754e-15
2565.34,2.41578e-15
2565.85,2.61286e-15
2566.37,2.70086e-15
2566.88,2.66991e-15
2567.39,2.44902e-15
2567.90,2.56030e-15
2568.41,2.41824e-15
2568.92,2.65893e-15
2569.43,2.68521e-15
2569.95,2.66429e-15
2570.46,2.69494e-15
2570.97,2.58501e-15
2571.48,2.85305e-15
2571.99,2.75363e-15
2572.50,2.74681e-15
2573.01,2.67223e-15
2573.53,3.01833e-15
2574.04,2.99908e-15
2574.55,2.62065e-15
2575.06,2.45185e-15
2575.57,2.61673e-15
2576.08,2.62975e-15
2576.59,2.64903e-15
2577.11,2.49502e-15
2577.62,2.19849e-15
2578.13,2.04415e-15
2578.64,2.03079e-15
2579.15,1.86558e-15
2579.66,1.95643e-15
2580.17,2.16300e-15
2580.69,2.31614e-15
2581.20,2.26130e-15
2581.71,2.35553e-15
2582.22,2.17992e-15
2582.73,2.27393e-15
2583.24,1.73872e-15
2583.75,1.81267e-15
2584.26,1.63452e-15
2584.78,1.24690e-15
2585.29,1.05626e-15
2585.80,1.14190e-15
2586.31,1.43842e-15
2586.82,1.87723e-15
2587.33,2.23832e-15
2587.84,2.15301e-15
2588.36,2.05531e-15
2588.87,2.25480e-15
2589.38,2.00533e-15
2589.89,1.98718e-15
2590.40,1.92741e-15
2590.91,1.61332e-15
2591.42,1.50961e-15
2591.93,1.04483e-15
2592.45,7.76138e-16
2592.96,4.29377e-16
2593.47,5.00679e-16
2593.98,7.48726e-16
2594.49,8.29391e-16
2595.00,1.14967e-15
2595.51,1.19467e-15
2596.03,1.40356e-15
2596.54,1.68629e-15
2597.05,1.69641e-15
2597.56,1.84059e-15
2598.07,1.59059e-15
2598.58,1.47129e-15
2599.09,1.95815e-15
2599.60,2.17863e-15
2600.12,2.30080e-15
2600.63,2.79767e-15
2601.14,2.64303e-15
2601.65,2.53728e-15
2602.16,3.00818e-15
2602.67,2.85859e-15
2603.18,2.90698e-15
2603.69,2.91494e-15
2604.21,2.91412e-15
2604.72,2.89911e-15
2605.23,2.87520e-15
2605.74,2.76412e-15
2606.25,2.74387e-15
2606.76,2.44147e-15
2607.27,2.36869e-15
2607.78,2.02258e-15
2608.30,1.83850e-15
2608.81,1.90026e-15
2609.32,2.07685e-15
2609.83,2.13427e-15
2610.34,2.26098e-15
2610.85,2.49923e-15
2611.36,2.83999e-15
2611.87,2.73939e-15
2612.39,2.88921e-15
2612.90,2.70879e-15
2613.41,3.12552e-15
2613.92,2.78755e-15
2614.43,2.80492e-15
2614.94,2.70758e-15
2615.45,3.03517e-15
2615.96,2.67615e-15
2616.47,2.73194e-15
2616.99,2.63587e-15
2617.50,2.73225e-15
2618.01,2.63012e-15
2618.52,2.55170e-15
2619.03,2.68130e-15
2619.54,2.55506e-15
2620.05,2.20690e-15
2620.56,2.42351e-15
2621.08,2.39076e-15
2621.59,2.26312e-15
2622.10,2.23986e-15
2622.61,2.25474e-15
2623.12,2.39737e-15
2623.63,2.45866e-15
2624.14,2.33038e-15
2624.65,2.49769e-15
2625.16,2.32927e-15
2625.68,2.58092e-15
2626.19,2.82989e-15
2626.70,2.57328e-15
2627.21,2.49823e-15
2627.72,2.32507e-15
2628.23,2.50447e-15
2628.74,2.47039e-15
2629.25,2.54528e-15
2629.76,2.36785e-15
2630.28,2.54519e-15
2630.79,2.62837e-15
2631.30,2.48164e-15
2631.81,2.37104e-15
2632.32,2.45681e-15
2632.83,2.40047e-15
2633.34,2.42435e-15
2633.85,2.32815e-15
2634.36,2.22661e-15
2634.88,2.33570e-15
2635.39,2.31869e-15
2635.90,2.33419e-15
2636.41,2.22923e-15
2636.92,2.32396e-15
2637.43,2.27679e-15
2637.94,2.33157e-15
2638.45,2.06645e-15
2638.96,2.24919e-15
2639.48,1.95053e-15
2639.99,1.78108e-15
2640.50,1.92130e-15
2641.01,1.51005e-15
2641.52,1.69864e-15
2642.03,2.03619e-15
2642.54,2.05312e-15
2643.05,2.34314e-15
2643.56,2.19347e-15
2644.08,2.30254e-15
2644.59,2.12050e-15
2645.10,2.37439e-15
2645.61,2.43699e-15
2646.12,2.40385e-15
2646.63,2.22622e-15
2647.14,2.39937e-15
2647.65,2.26160e-15
2648.16,2.44134e-15
2648.67,2.25607e-15
2649.19,2.33886e-15
2649.70,2.34685e-15
2650.21,2.27227e-15
2650.72,2.53040e-15
2651.23,2.30470e-15
2651.74,2.38132e-15
2652.25,2.25033e-15
2652.76,2.22923e-15
2653.27,2.00990e-15
2653.78,1.53568e-15
2654.30,9.48998e-16
2654.81,7.38462e-16
2655.32,4.75257e-16
2655.83,4.43968e-16
2656.34,6.64103e-16
2656.85,9.39863e-16
2657.36,9.47659e-16
2657.87,9.81424e-16
2658.38,1.21978e-15
2658.89,1.37281e-15
2659.41,1.52842e-15
2659.92,1.65427e-15
2660.43,1.97300e-15
2660.94,2.05618e-15
2661.45,1.87778e-15
2661.96,1.98614e-15
2662.47,2.17956e-15
2662.98,2.30492e-15
2663.49,2.20419e-15
2664.00,2.38824e-15
2664.52,2.20000e-15
2665.03,1.84266e-15
2665.54,1.71911e-15
2666.05,1.40889e-15
2666.56,8.04170e-16
2667.07,5.73417e-16
2667.58,4.10648e-16
2668.09,2.72970e-16
2668.60,5.12789e-16
2669.11,7.15118e-16
2669.62,8.49255e-16
2670.14,1.05280e-15
2670.65,1.19250e-15
2671.16,1.47742e-15
2671.67,1.85932e-15
2672.18,2.02151e-15
2672.69,2.16281e-15
2673.20,2.46101e-15
2673.71,2.44842e-15
2674.22,2.29316e-15
2674.73,2.34835e-15
2675.24,2.52180e-15
2675.76,2.51410e-15
2676.27,2.70300e-15
2676.78,2.40824e-15
2677.29,2.64841e-15
2677.80,2.49611e-15
2678.31,2.42683e-15
2678.82,2.37995e-15
2679.33,2.04479e-15
2679.84,1.57300e-15
2680.35,1.27001e-15
2680.86,8.32029e-16
2681.38,6.68583e-16
2681.89,9.12657e-16
2682.40,1.17551e-15
2682.91,1.47441e-15
2683.42,1.88858e-15
2683.93,2.19610e-15
2684.44,1.89384e-15
2684.95,1.66188e-15
2685.46,1.10384e-15
2685.97,7.04262e-16
2686.48,6.30108e-16
2687.00,7.23892e-16
2687.51,1.34764e-15
2688.02,1.90072e-15
2688.53,2.25932e-15
2689.04,2.13044e-15
2689.55,2.35242e-15
2690.06,2.27318e-15
2690.57,2.33802e-15
2691.08,2.40238e-15
2691.59,2.49414e-15
2692.10,2.29080e-15
2692.61,2.54560e-15
2693.13,2.29246e-15
2693.64,2.45612e-15
2694.15,2.30191e-15
2694.66,2.41015e-15
2695.17,2.27579e-15
2695.68,2.29957e-15
2696.19,2.19326e-15
2696.70,2.23965e-15
2697.21,2.19775e-15
2697.72,2.37525e-15
2698.23,2.37044e-15
2698.74,2.04613e-15
2699.26,2.11005e-15
2699.77,1.92367e-15
2700.28,2.12293e-15
2700.79,2.09216e-15
2701.30,2.15931e-15
2701.81,2.09660e-15
2702.32,1.90586e-15
2702.83,1.84027e-15
2703.34,2.00846e-15
2703.85,1.70588e-15
2704.36,1.92792e-15
2704.87,1.89232e-15
2705.39,1.73505e-15
2705.90,1.85510e-15
2706.41,2.03408e-15
2706.92,2.04998e-15
2707.43,2.16200e-15
2707.94,2.12454e-15
2708.45,2.08792e-15
2708.96,1.98161e-15
2709.47,1.98471e-15
2709.98,2.03405e-15
2710.49,1.88365e-15
2711.00,2.06204e-15
2711.51,2.21010e-15
2712.03,2.36916e-15
2712.54,2.58797e-15
2713.05,2.41013e-15
2713.56,2.46336e-15
2714.07,2.28246e-15
2714.58,2.33534e-15
2715.09,2.24256e-15
2715.60,2.40868e-15
2716.11,2.33011e-15
2716.62,2.46581e-15
2717.13,2.39969e-15
2717.64,2.56918e-15
2718.15,2.34929e-15
2718.67,2.11546e-15
2719.18,1.80826e-15
2719.69,1.39640e-15
2720.20,1.37854e-15
2720.71,1.28801e-15
2721.22,1.42816e-15
2721.73,1.97557e-15
2722.24,2.22519e-15
2722.75,2.48584e-15
2723.26,2.44887e-15
2723.77,2.38495e-15
2724.28,2.28024e-15
2724.79,2.43029e-15
2725.30,2.41542e-15
2725.82,2.36963e-15
2726.33,2.41683e-15
2726.84,2.44989e-15
2727.35,2.51935e-15
2727.86,2.40803e-15
2728.37,2.15229e-15
2728.88,2.23838e-15
2729.39,2.30516e-15
2729.90,2.67543e-15
2730.41,2.46284e-15
2730.92,2.40997e-15
2731.43,2.47872e-15
2731.94,2.21545e-15
2732.45,2.24998e-15
2732.97,2.22367e-15
2733.48,2.27694e-15
2733.99,2.29746e-15
2734.50,2.06642e-15
2735.01,2.01515e-15
2735.52,2.21656e-15
2736.03,2.10692e-15
2736.54,2.06812e-15
2737.05,2.25519e-15
2737.56,2.20780e-15
2738.07,2.22542e-15
2738.58,2.12653e-15
2739.09,1.97658e-15
2739.60,1.91095e-15
2740.11,1.80796e-15
2740.63,1.84305e-15
2741.14,1.97820e-15
2741.65,2.07648e-15
2742.16,2.22596e-15
2742.67,2.15966e-15
2743.18,2.44855e-15
2743.69,2.11257e-15
2744.20,1.97804e-15
2744.71,2.16246e-15
2745.22,2.00700e-15
2745.73,1.97003e-15
2746.24,2.20912e-15
2746.75,1.82983e-15
2747.26,1.79942e-15
2747.77,1.72075e-15
2748.29,1.35133e-15
2748.80,1.11069e-15
2749.31,1.00025e-15
2749.82,1.15106e-15
2750.33,9.60216e-16
2750.84,9.19605e-16
2751.35,9.87451e-16
2751.86,1.08803e-15
2752.37,1.31510e-15
2752.88,1.59049e-15
2753.39,1.81554e-15
2753.90,1.98827e-15
2754.41,2.02693e-15
2754.92,1.83333e-15
2755.43,1.80572e-15
2755.94,1.75206e-15
2756.46,1.76670e-15
2756.97,1.99658e-15
2757.48,1.95167e-15
2757.99,2.14370e-15
2758.50,2.16853e-15
2759.01,2.11817e-15
2759.52,1.84121e-15
2760.03,1.37020e-15
2760.54,1.03903e-15
2761.05,9.61124e-16
2761.56,9.56878e-16
2762.07,1.22943e-15
2762.58,1.44406e-15
2763.09,1.71684e-15
2763.60,1.64552e-15
2764.11,1.35127e-15
2764.62,1.04257e-15
2765.14,9.15151e-16
2765.65,5.67454e-16
2766.16,6.28455e-16
2766.67,4.57557e-16
2767.18,5.17130e-16
2767.69,6.22396e-16
2768.20,5.93123e-16
2768.71,3.72395e-16
2769.22,3.24550e-16
2769.73,3.75073e-16
2770.24,7.98753e-16
2770.75,1.11177e-15
2771.26,1.50848e-15
2771.77,2.00183e-15
2772.28,2.10015e-15
2772.79,1.90482e-15
2773.30,2.23941e-15
2773.82,2.09323e-15
2774.33,2.25477e-15
2774.84,2.36456e-15
2775.35,2.36214e-15
2775.86,2.34117e-15
2776.37,2.38521e-15
2776.88,2.19089e-15
2777.39,2.11091e-15
2777.90,2.01281e-15
2778.41,2.16902e-15
2778.92,2.31023e-15
2779.43,2.22305e-15
2779.94,2.22948e-15
2780.45,2.22023e-15
2780.96,2.07738e-15
2781.47,2.08489e-15
2781.98,1.89689e-15
2782.50,1.96408e-15
2783.01,1.90744e-15
2783.52,1.95512e-15
2784.03,1.59521e-15
2784.54,1.31561e-15
2785.05,9.90484e-16
2785.56,1.05189e-15
2786.07,1.17904e-15
2786.58,1.32851e-15
2787.09,1.69884e-15
2787.60,1.91042e-15
2788.11,1.83452e-15
2788.62,2.11328e-15
2789.13,2.01203e-15
2789.64,2.09348e-15
2790.15,2.13790e-15
2790.66,2.25483e-15
2791.17,2.03732e-15
2791.68,1.93760e-15
2792.20,2.06772e-15
2792.71,1.71341e-15
2793.22,1.67920e-15
2793.73,1.13961e-15
2794.24,9.60968e-16
2794.75,9.46492e-16
2795.26,1.11637e-15
2795.77,1.45945e-15
2796.28,1.87134e-15
2796.79,2.08346e-15
2797.30,2.09156e-15
2797.81,2.07627e-15
2798.32,1.80736e-15
2798.83,1.68017e-15
2799.34,9.74368e-16
2799.85,6.04295e-16
2800.36,2.72803e-16
2800.87,2.22225e-16
2801.38,1.26990e-16
2801.90,2.15579e-16
2802.41,2.95364e-16
2802.92,3.88424e-16
2803.43,4.89961e-16
2803.94,4.80941e-16
2804.45,6.86361e-16
2804.96,1.10885e-15
2805.47,1.67867e-15
2805.98,2.16943e-15
2806.49,2.32128e-15
2807.00,2.31648e-15
2807.51,2.38595e-15
2808.02,2.47715e-15
2808.53,2.58505e-15
2809.04,2.47065e-15
2809.55,2.33292e-15
2810.06,2.13117e-15
2810.57,2.24989e-15
2811.08,2.41021e-15
2811.59,2.52417e-15
2812.10,2.69587e-15
2812.62,2.73310e-15
2813.13,2.75325e-15
2813.64,2.61154e-15
2814.15,2.58295e-15
2814.66,2.60862e-15
2815.17,2.27614e-15
2815.68,2.65008e-15
2816.19,2.40938e-15
2816.70,2.40390e-15
2817.21,2.11949e-15
2817.72,1.84436e-15
2818.23,1.88187e-15
2818.74,1.68389e-15
2819.25,1.66791e-15
2819.76,1.93993e-15
2820.27,1.61661e-15
2820.78,1.66206e-15
2821.29,1.31834e-15
2821.80,1.28183e-15
2822.31,1.52110e-15
2822.82,1.45205e-15
2823.34,1.16091e-15
2823.85,8.06147e-16
2824.36,4.68903e-16
2824.87,5.15043e-16
2825.38,5.86012e-16
2825.89,1.02271e-15
2826.40,1.49012e-15
2826.91,2.22688e-15
2827.42,2.82489e-15
2827.93,3.11462e-15
2828.44,2.85484e-15
2828.95,2.85901e-15
2829.46,2.56791e-15
2829.97,2.30224e-15
2830.48,2.12889e-15
2830.99,1.96681e-15
2831.50,2.13260e-15
2832.01,2.54257e-15
2832.52,2.64278e-15
2833.03,2.66416e-15
2833.54,2.69868e-15
2834.05,2.39399e-15
2834.56,2.60030e-15
2835.08,2.54778e-15
2835.59,2.44324e-15
2836.10,2.88244e-15
2836.61,2.65139e-15
2837.12,2.42996e-15
2837.63,2.65013e-15
2838.14,2.82969e-15
2838.65,2.52514e-15
2839.16,2.94381e-15
2839.67,3.00102e-15
2840.18,3.00867e-15
2840.69,2.68484e-15
2841.20,2.41068e-15
2841.71,2.62408e-15
2842.22,2.71979e-15
2842.73,3.05696e-15
2843.24,3.21469e-15
2843.75,3.11765e-15
2844.26,3.19135e-15
2844.77,3.14828e-15
2845.28,3.24955e-15
2845.79,3.06778e-15
2846.30,3.14015e-15
2846.82,2.90787e-15
2847.33,2.90979e-15
2847.84,2.91909e-15
2848.35,3.04397e-15
2848.86,3.12643e-15
2849.37,3.10984e-15
2849.88,2.94196e-15
2850.39,2.72695e-15
2850.90,2.46420e-15
2851.41,2.64361e-15
2851.92,2.60979e-15
2852.43,2.69623e-15
2852.94,2.89490e-15
2853.45,2.79907e-15
2853.96,2.86273e-15
2854.47,3.14964e-15
2854.98,3.08265e-15
2855.49,2.75833e-15
2856.00,2.65010e-15
2856.51,2.18909e-15
2857.02,1.81556e-15
2857.53,1.15114e-15
2858.04,7.25014e-16
2858.55,8.05121e-16
2859.07,1.33116e-15
2859.58,1.89486e-15
2860.09,2.22227e-15
2860.60,2.83883e-15
2861.11,2.72811e-15
2861.62,2.67671e-15
2862.13,2.56765e-15
2862.64,2.16551e-15
2863.15,1.85588e-15
2863.66,1.85760e-15
2864.17,2.13535e-15
2864.68,2.31589e-15
2865.19,2.89107e-15
2865.70,2.76007e-15
2866.21,2.89620e-15
2866.72,2.68792e-15
2867.23,2.31013e-15
2867.74,2.48705e-15
2868.25,2.52829e-15
2868.76,2.26000e-15
2869.27,2.55733e-15
2869.78,2.46601e-15
2870.29,2.65586e-15
2870.80,2.63094e-15
2871.31,2.72118e-15
2871.82,2.77648e-15
2872.34,3.00805e-15
2872.85,2.88636e-15
2873.36,2.85002e-15
2873.87,2.78885e-15
2874.38,2.74203e-15
2874.89,2.93703e-15
2875.40,2.64053e-15
2875.91,2.63709e-15
2876.42,2.66311e-15
2876.93,2.47171e-15
2877.44,2.84479e-15
2877.95,2.55560e-15
2878.46,2.49601e-15
2878.97,2.44294e-15
2879.48,2.66926e-15
2879.99,2.53468e-15
2880.50,2.51788e-15
2881.01,2.56435e-15
2881.52,2.68441e-15
2882.03,2.52116e-15
2882.54,2.57928e-15
2883.05,2.60030e-15
2883.56,2.62631e-15
2884.07,2.63685e-15
2884.58,2.38182e-15
2885.09,2.77101e-15
2885.61,2.26531e-15
2886.12,2.45066e-15
2886.63,2.16298e-15
2887.14,2.41496e-15
2887.65,2.34318e-15
2888.16,2.64005e-15
2888.67,2.69903e-15
2889.18,2.34646e-15
2889.69,1.90333e-15
2890.20,1.70491e-15
2890.71,1.77983e-15
2891.22,1.83520e-15
2891.73,2.11138e-15
2892.24,2.64887e-15
2892.75,2.59994e-15
2893.26,2.54871e-15
2893.77,2.73043e-15
2894.28,2.38232e-15
2894.79,2.55930e-15
2895.30,2.82342e-15
2895.81,2.72722e-15
2896.32,2.61238e-15
2896.83,2.59146e-15
2897.34,2.64014e-15
2897.85,2.83799e-15
2898.36,2.92977e-15
2898.87,2.89908e-15
2899.39,2.83435e-15
2899.90,2.60186e-15
2900.41,2.54017e-15
2900.92,2.51674e-15
2901.43,2.74314e-15
2901.94,2.80749e-15
2902.45,2.78581e-15
2902.96,2.70561e-15
2903.47,3.07047e-15
2903.98,2.89257e-15
2904.49,3.00134e-15
2905.00,2.82245e-15
2905.51,2.97453e-15
2906.02,2.85261e-15
2906.53,2.75696e-15
2907.04,2.94459e-15
2907.55,2.87718e-15
2908.06,2.82567e-15
2908.57,2.91006e-15
2909.08,2.97256e-15
2909.59,3.08921e-15
2910.10,3.05333e-15
2910.61,3.17787e-15
2911.12,3.12388e-15
2911.63,2.97450e-15
2912.14,2.70859e-15
2912.65,2.95999e-15
2913.16,2.86121e-15
2913.68,2.87341e-15
2914.19,2.89264e-15
2914.70,2.85317e-15
2915.21,2.59622e-15
2915.72,2.71725e-15
2916.23,2.38564e-15
2916.74,2.76482e-15
2917.25,2.78005e-15
2917.76,2.95205e-15
2918.27,3.02849e-15
2918.78,3.06319e-15
2919.29,2.68665e-15
2919.80,2.59815e-15
2920.31,3.03478e-15
2920.82,2.86867e-15
2921.33,3.00127e-15
2921.84,2.58650e-15
2922.35,2.19908e-15
2922.86,1.57238e-15
2923.37,1.23048e-15
2923.88,1.28835e-15
2924.39,1.38450e-15
2924.90,1.71980e-15
2925.41,1.95867e-15
2925.92,2.47805e-15
2926.43,2.50234e-15
2926.94,2.59305e-15
2927.45,2.73003e-15
2927.96,2.93938e-15
2928.48,2.92546e-15
2928.99,2.86481e-15
2929.50,3.18116e-15
2930.01,2.98953e-15
2930.52,2.97309e-15
2931.03,3.12194e-15
2931.54,3.15926e-15
2932.05,2.95049e-15
2932.56,2.88556e-15
2933.07,3.31059e-15
2933.58,3.22189e-15
2934.09,3.25447e-15
2934.60,3.22974e-15
2935.11,3.26312e-15
2935.62,3.17874e-15
2936.13,3.13943e-15
2936.64,3.00741e-15
2937.15,3.08834e-15
2937.66,2.96432e-15
2938.17,3.11026e-15
2938.68,2.90471e-15
2939.19,3.24928e-15
2939.70,3.18402e-15
2940.21,3.41360e-15
2940.72,2.93121e-15
2941.23,3.15111e-15
2941.74,3.16117e-15
2942.25,3.16809e-15
2942.76,3.04088e-15
2943.28,3.11071e-15
2943.79,2.83032e-15
2944.30,2.93853e-15
2944.81,3.14210e-15
2945.32,3.18266e-15
2945.83,2.83729e-15
2946.34,3.05824e-15
2946.85,2.91060e-15
2947.36,3.16733e-15
2947.87,3.03056e-15
2948.38,2.96227e-15
2948.89,2.85659e-15
2949.40,3.05871e-15
2949.91,3.08363e-15
2950.42,2.98650e-15
2950.93,3.22422e-15
2951.44,3.27914e-15
2951.95,3.18853e-15
2952.46,3.03335e-15
2952.97,2.94382e-15
2953.48,3.06258e-15
2953.99,3.18668e-15
2954.50,3.02856e-15
2955.01,3.20187e-15
2955.52,3.32453e-15
2956.03,3.27774e-15
2956.54,3.21743e-15
2957.05,3.13541e-15
2957.56,3.19780e-15
2958.08,2.91598e-15
2958.59,3.27783e-15
2959.10,3.30893e-15
2959.61,3.17113e-15
2960.12,2.99686e-15
2960.63,3.06103e-15
2961.14,2.98636e-15
2961.65,3.14933e-15
2962.16,2.80226e-15
2962.67,2.89509e-15
2963.18,3.11374e-15
2963.69,3.12473e-15
2964.20,2.91051e-15
2964.71,2.77799e-15
2965.22,2.84742e-15
2965.73,2.78865e-15
2966.24,2.98592e-15
2966.75,2.98134e-15
2967.26,2.62909e-15
2967.77,2.47780e-15
2968.28,2.18631e-15
2968.79,2.22434e-15
2969.30,2.75931e-15
2969.81,2.73514e-15
2970.32,2.63596e-15
2970.83,2.87641e-15
2971.34,2.64248e-15
2971.85,2.45889e-15
2972.36,2.56466e-15
2972.88,2.89540e-15
2973.39,2.86273e-15
2973.90,2.77126e-15
2974.41,2.83481e-15
2974.92,2.93430e-15
2975.43,2.46537e-15
2975.94,2.64976e-15
2976.45,2.27326e-15
2976.96,2.53097e-15
2977.47,2.39992e-15
2977.98,2.61902e-15
2978.49,2.73754e-15
2979.00,2.70145e-15
2979.51,2.54570e-15
2980.02,2.55999e-15
2980.53,2.53609e-15
2981.04,2.76193e-15
2981.55,2.71240e-15
2982.06,2.84370e-15
2982.57,2.71172e-15
2983.08,2.68955e-15
2983.59,2.85276e-15
2984.10,2.73967e-15
2984.61,2.59001e-15
2985.12,2.68676e-15
2985.63,2.61577e-15
2986.14,2.43300e-15
2986.66,2.57638e-15
2987.17,2.34638e-15
2987.68,2.51592e-15
2988.19,2.44471e-15
2988.70,2.58798e-15
2989.21,2.56203e-15
2989.72,2.41649e-15
2990.23,2.35346e-15
2990.74,2.12094e-15
2991.25,2.27298e-15
2991.76,2.36429e-15
2992.27,2.51554e-15
2992.78,2.54802e-15
2993.29,2.68238e-15
2993.80,2.61278e-15
2994.31,2.65217e-15
2994.82,2.53514e-15
2995.33,2.62494e-15
2995.84,2.63505e-15
2996.35,2.66409e-15
2996.86,2.68002e-15
2997.37,2.78236e-15
2997.88,2.80741e-15
2998.39,2.70617e-15
2998.90,2.58435e-15
2999.41,2.52296e-15
2999.92,2.82894e-15
3000.43,2.63591e-15
3000.95,2.51005e-15
3001.46,2.40127e-15
3001.97,2.57493e-15
3002.48,2.43569e-15
3002.99,2.65452e-15
3003.50,2.65080e-15
3004.01,2.64581e-15
3004.52,2.39007e-15
3005.03,2.70390e-15
3005.54,2.64296e-15
3006.05,2.47894e-15
3006.56,2.48729e-15
3007.07,2.40254e-15
3007.58,2.59510e-15
3008.09,2.29515e-15
3008.60,2.63107e-15
3009.11,2.35814e-15
3009.62,2.37762e-15
3010.13,2.45387e-15
3010.64,2.11985e-15
3011.15,1.90766e-15
3011.66,1.70330e-15
3012.17,1.62126e-15
3012.68,1.73874e-15
3013.19,2.09637e-15
3013.70,2.10492e-15
3014.22,1.92229e-15
3014.73,2.17863e-15
3015.24,2.00654e-15
3015.75,1.72683e-15
3016.26,1.81286e-15
3016.77,1.72878e-15
3017.28,1.82857e-15
3017.79,1.97452e-15
3018.30,2.13058e-15
3018.81,2.08588e-15
3019.32,2.25121e-15
3019.83,2.27142e-15
3020.34,2.28405e-15
3020.85,2.33130e-15
3021.36,2.41785e-15
3021.87,2.48215e-15
3022.38,2.34074e-15
3022.89,2.42675e-15
3023.40,2.26130e-15
3023.91,2.42906e-15
3024.42,2.37350e-15
3024.93,2.21261e-15
3025.44,2.18827e-15
3025.95,2.39394e-15
3026.46,2.42471e-15
3026.97,2.49618e-15
3027.49,2.43642e-15
3028.00,2.42745e-15
3028.51,2.41244e-15
3029.02,2.27632e-15
3029.53,2.28861e-15
3030.04,2.09752e-15
3030.55,2.22800e-15
3031.06,2.01247e-15
3031.57,2.17485e-15
3032.08,2.39822e-15
3032.59,2.36584e-15
3033.10,2.34670e-15
3033.61,2.32337e-15
3034.12,2.12752e-15
3034.63,2.24325e-15
3035.14,2.53627e-15
3035.65,2.34910e-15
3036.16,2.41746e-15
3036.67,2.21682e-15
3037.18,2.36314e-15
3037.69,2.25609e-15
3038.20,2.41620e-15
3038.71,2.38128e-15
3039.22,2.34341e-15
3039.74,2.53505e-15
3040.25,2.41904e-15
3040.76,2.46574e-15
3041.27,2.48677e-15
3041.78,2.56305e-15
3042.29,2.39217e-15
3042.80,2.45944e-15
3043.31,2.42470e-15
3043.82,2.21515e-15
3044.33,2.32752e-15
3044.84,2.28526e-15
3045.35,2.05699e-15
3045.86,2.26858e-15
3046.37,2.21990e-15
3046.88,2.47923e-15
3047.39,2.52284e-15
3047.90,2.25527e-15
3048.41,2.03662e-15
3048.92,2.42903e-15
3049.43,2.60655e-15
3049.94,2.47807e-15
3050.45,2.48316e-15
3050.96,2.45977e-15
3051.48,2.58960e-15
3051.99,2.70675e-15
3052.50,2.47408e-15
3053.01,2.38272e-15
3053.52,2.15136e-15
3054.03,2.14040e-15
3054.54,2.04432e-15
3055.05,1.73614e-15
3055.56,1.99353e-15
3056.07,1.92833e-15
3056.58,2.10491e-15
3057.09,2.25082e-15
3057.60,2.31060e-15
3058.11,2.25697e-15
3058.62,2.38632e-15
3059.13,2.41883e-15
3059.64,2.51804e-15
3060.15,2.54949e-15
3060.66,2.45534e-15
3061.17,2.50189e-15
3061.68,2.51372e-15
3062.19,2.38306e-15
3062.70,2.48071e-15
3063.22,2.67233e-15
3063.73,2.48229e-15
3064.24,2.44718e-15
3064.75,2.31969e-15
3065.26,2.40551e-15
3065.77,2.42186e-15
3066.28,2.37027e-15
3066.79,2.46723e-15
3067.30,2.43432e-15
3067.81,2.33941e-15
3068.32,2.63851e-15
3068.83,2.41096e-15
3069.34,2.51956e-15
3069.85,2.55736e-15
3070.36,2.45445e-15
3070.87,2.30969e-15
3071.38,2.37311e-15
3071.89,2.57178e-15
3072.40,2.46482e-15
3072.91,2.40289e-15
3073.42,2.25598e-15
3073.94,2.36104e-15
3074.45,2.60614e-15
3074.96,2.53285e-15
3075.47,2.50722e-15
3075.98,2.33415e-15
3076.49,2.63155e-15
3077.00,2.41792e-15
3077.51,2.49457e-15
3078.02,2.41563e-15
3078.53,2.39804e-15
3079.04,2.38373e-15
3079.55,2.33143e-15
3080.06,2.17661e-15
3080.57,2.26450e-15
3081.08,2.27769e-15
3081.59,2.27217e-15
3082.10,2.60455e-15
3082.61,2.85219e-15
3083.12,2.73683e-15
3083.63,2.36714e-15
3084.15,2.53108e-15
3084.66,2.55368e-15
3085.17,2.60709e-15
3085.68,2.40903e-15
3086.19,2.52630e-15
3086.70,2.49548e-15
3087.21,2.63855e-15
3087.72,2.47851e-15
3088.23,2.39685e-15
3088.74,2.57632e-15
3089.25,2.47063e-15
3089.76,2.70484e-15
3090.27,2.65596e-15
3090.78,2.37561e-15
3091.29,2.59017e-15
3091.80,2.39177e-15
3092.31,2.54398e-15
3092.82,2.52878e-15
3093.33,2.34401e-15
3093.84,2.44354e-15
3094.36,2.43184e-15
3094.87,2.29720e-15
3095.38,2.44672e-15
3095.89,2.42050e-15
3096.40,2.45517e-15
3096.91,2.49499e-15
3097.42,2.71470e-15
3097.93,2.31788e-15
3098.44,2.53490e-15
3098.95,2.48466e-15
3099.46,2.26242e-15
3099.97,2.26172e-15
3100.48,2.26579e-15
3100.99,2.34010e-15
3101.50,2.27165e-15
3102.01,2.28093e-15
3102.52,2.50358e-15
3103.03,2.44752e-15
3103.54,2.35036e-15
3104.06,2.49666e-15
3104.57,2.40023e-15
3105.08,2.63243e-15
3105.59,2.66506e-15
3106.10,2.33579e-15
3106.61,2.48764e-15
3107.12,2.60543e-15
3107.63,2.54523e-15
3108.14,2.49690e-15
3108.65,2.57777e-15
3109.16,2.39550e-15
3109.67,2.63974e-15
3110.18,2.51184e-15
3110.69,2.64021e-15
3111.20,2.57065e-15
3111.71,2.60422e-15
3112.22,2.56501e-15
3112.74,2.65322e-15
3113.25,2.55235e-15
3113.76,2.40384e-15
3114.27,2.27530e-15
3114.78,2.00494e-15
3115.29,2.11888e-15
3115.80,2.16887e-15
3116.31,2.16512e-15
3116.82,2.32942e-15
3117.33,2.23484e-15
3117.84,2.33021e-15
3118.35,2.40051e-15
3118.86,2.27522e-15
3119.37,2.12868e-15
3119.88,2.31608e-15
3120.39,2.10712e-15
3120.90,2.02971e-15
3121.42,2.30812e-15
3121.93,2.27321e-15
3122.44,2.36684e-15
3122.95,2.45341e-15
3123.46,2.22735e-15
3123.97,2.43048e-15
3124.48,2.38039e-15
3124.99,2.28197e-15
3125.50,2.45319e-15
3126.01,2.38313e-15
3126.52,2.28779e-15
3127.03,2.25106e-15
3127.54,2.19040e-15
3128.05,1.98529e-15
3128.56,1.94306e-15
3129.07,2.01282e-15
3129.58,2.00455e-15
3130.10,2.07618e-15
3130.61,2.12452e-15
3131.12,2.17561e-15
3131.63,2.15807e-15
3132.14,2.14689e-15
3132.65,2.05333e-15
3133.16,2.05205e-15
3133.67,2.11859e-15
3134.18,2.25048e-15
3134.69,2.20899e-15
3135.20,2.34379e-15
3135.71,2.38652e-15
3136.22,2.29821e-15
3136.73,2.18706e-15
3137.24,2.37612e-15
3137.75,2.38121e-15
3138.27,2.45104e-15
3138.78,2.29382e-15
3139.29,2.23389e-15
3139.80,2.23889e-15
3140.31,2.23460e-15
3140.82,2.16952e-15
3141.33,2.23696e-15
3141.84,2.31750e-15
3142.35,2.32060e-15
3142.86,2.16876e-15
3143.37,2.29430e-15
3143.88,2.44808e-15
3144.39,2.28368e-15
3144.90,2.16927e-15
3145.41,2.23201e-15
3145.93,2.20842e-15
3146.44,2.14233e-15
3146.95,2.05310e-15
3147.46,2.27462e-15
3147.97,2.03723e-15
3148.48,2.19650e-15
3148.99,2.15307e-15
3149.50,2.10067e-15
3150.01,2.06203e-15
3150.52,2.21508e-15
3151.03,2.25281e-15
3151.54,2.01213e-15
3152.05,2.33105e-15
3152.56,2.35252e-15
3153.07,2.38298e-15
3153.59,2.42816e-15
3154.10,2.23377e-15
3154.61,2.28345e-15
3155.12,2.19017e-15
3155.63,1.97079e-15
3156.14,2.16448e-15
3156.65,2.13128e-15
3157.16,1.98553e-15
3157.67,2.04418e-15
3158.18,2.00396e-15
3158.69,2.27258e-15
3159.20,2.36254e-15
3159.71,2.29660e-15
3160.22,2.31484e-15
3160.74,2.03448e-15
3161.25,2.02196e-15
3161.76,1.49627e-15
3162.27,1.18993e-15
3162.78,1.33497e-15
3163.29,1.38317e-15
3163.80,1.89418e-15
3164.31,2.09054e-15
3164.82,2.08996e-15
3165.33,2.10203e-15
3165.84,1.90246e-15
3166.35,1.90273e-15
3166.86,2.25786e-15
3167.38,2.21122e-15
3167.89,2.30203e-15
3168.40,2.46245e-15
3168.91,2.56890e-15
3169.42,2.30448e-15
3169.93,2.28202e-15
3170.44,2.18767e-15
3170.95,2.08361e-15
3171.46,2.32300e-15
3171.97,2.26232e-15
3172.48,2.30095e-15
3172.99,2.44093e-15
3173.50,2.28533e-15
3174.01,2.36370e-15
3174.53,2.28513e-15
3175.04,2.26655e-15
3175.55,2.06912e-15
3176.06,2.00315e-15
3176.57,2.20687e-15
3177.08,2.25930e-15
3177.59,2.29724e-15
3178.10,2.37390e-15
3178.61,2.53967e-15
3179.12,2.31921e-15
3179.63,2.41249e-15
3180.14,2.59113e-15
3180.65,2.40857e-15
3181.17,2.44416e-15
3181.68,2.33767e-15
3182.19,2.53868e-15
3182.70,2.42069e-15
3183.21,2.34990e-15
3183.72,2.29290e-15
3184.23,2.09818e-15
3184.74,1.71859e-15
3185.25,1.55906e-15
3185.76,1.72762e-15
3186.27,2.04541e-15
3186.78,1.80477e-15
3187.30,2.11556e-15
3187.81,2.18501e-15
3188.32,2.25621e-15
3188.83,2.14175e-15
3189.34,2.39431e-15
3189.85,2.45510e-15
3190.36,2.58051e-15
3190.87,2.59564e-15
3191.38,2.66108e-15
3191.89,2.46672e-15
3192.40,2.42017e-15
3192.91,2.28939e-15
3193.43,2.15580e-15
3193.94,1.94907e-15
3194.45,1.95068e-15
3194.96,2.26340e-15
3195.47,2.24345e-15
3195.98,2.36253e-15
3196.49,2.36622e-15
3197.00,2.30889e-15
3197.51,2.41426e-15
3198.02,2.46336e-15
3198.53,2.54238e-15
3199.04,2.47240e-15
3199.56,2.56182e-15
3200.07,2.52807e-15
3200.58,2.48367e-15
3201.09,2.38274e-15
3201.60,2.57664e-15
3202.11,2.68539e-15
3202.62,2.57803e-15
3203.13,2.49298e-15
3203.64,2.57669e-15
3204.15,2.51924e-15
3204.66,2.62825e-15
3205.18,2.38231e-15
3205.69,2.55515e-15
3206.20,2.63288e-15
3206.71,2.55806e-15
3207.22,2.36320e-15
3207.73,2.57017e-15
3208.24,2.50789e-15
3208.75,2.34992e-15
3209.26,2.44321e-15
3209.77,2.47664e-15
3210.28,2.33981e-15
3210.79,2.41251e-15
3211.31,2.46358e-15
3211.82,2.54091e-15
3212.33,2.52544e-15
3212.84,2.48379e-15
3213.35,2.48592e-15
3213.86,2.33478e-15
3214.37,2.71029e-15
3214.88,2.54573e-15
3215.39,2.39401e-15
3215.90,2.41309e-15
3216.42,2.50431e-15
3216.93,2.58155e-15
3217.44,2.55894e-15
3217.95,2.63129e-15
3218.46,2.47537e-15
3218.97,2.45662e-15
3219.48,2.41278e-15
3219.99,2.54480e-15
3220.50,2.59554e-15
3221.01,2.35695e-15
3221.52,2.10176e-15
3222.04,2.05732e-15
3222.55,2.08105e-15
3223.06,1.84321e-15
3223.57,2.04833e-15
3224.08,2.03008e-15
3224.59,2.50127e-15
3225.10,2.60479e-15
3225.61,2.35599e-15
3226.12,2.64713e-15
3226.63,2.67185e-15
3227.15,2.65804e-15
3227.66,2.65745e-15
3228.17,2.65349e-15
3228.68,2.69912e-15
3229.19,2.42919e-15
3229.70,2.41447e-15
3230.21,2.16255e-15
3230.72,2.17820e-15
3231.23,2.31754e-15
3231.74,2.54056e-15
3232.26,2.81631e-15
3232.77,2.84276e-15
3233.28,2.91410e-15
3233.79,2.51932e-15
3234.30,2.57831e-15
3234.81,2.61263e-15
3235.32,2.46708e-15
3235.83,2.70847e-15
3236.34,3.00526e-15
3236.85,2.74479e-15
3237.37,2.56406e-15
3237.88,2.65534e-15
3238.39,2.70389e-15
3238.90,2.81793e-15
3239.41,2.64340e-15
3239.92,2.74755e-15
3240.43,2.58344e-15
3240.94,2.65886e-15
3241.45,2.81030e-15
3241.96,2.70711e-15
3242.48,2.93767e-15
3242.99,2.86709e-15
3243.50,2.60071e-15
3244.01,2.67553e-15
3244.52,2.54849e-15
3245.03,2.73238e-15
3245.54,2.72799e-15
3246.05,2.46062e-15
3246.56,2.80509e-15
3247.08,2.85257e-15
3247.59,3.02928e-15
3248.10,2.89245e-15
3248.61,2.85825e-15
3249.12,2.73638e-15
3249.63,2.92872e-15
3250.14,2.60069e-15
3250.65,2.58211e-15
3251.16,3.01033e-15
3251.68,2.79488e-15
3252.19,2.90202e-15
3252.70,2.77716e-15
3253.21,3.05315e-15
3253.72,2.83213e-15
3254.23,2.72627e-15
3254.74,2.75643e-15
3255.25,2.67436e-15
3255.76,2.76031e-15
3256.27,2.66705e-15
3256.79,2.80048e-15
3257.30,2.63165e-15
3257.81,2.26552e-15
3258.32,2.08474e-15
3258.83,1.52052e-15
3259.34,9.50281e-16
3259.85,5.45943e-16
3260.36,3.54171e-16
3260.88,3.23574e-16
3261.39,3.70593e-16
3261.90,4.52972e-16
3262.41,7.79635e-16
3262.92,9.37555e-16
3263.43,1.61030e-15
3263.94,1.82137e-15
3264.45,2.14886e-15
3264.96,2.14019e-15
3265.48,2.38347e-15
3265.99,2.51114e-15
3266.50,2.90314e-15
3267.01,2.76195e-15
3267.52,2.89506e-15
3268.03,2.66530e-15
3268.54,2.79087e-15
3269.05,2.81604e-15
3269.56,2.74888e-15
3270.08,2.84205e-15
3270.59,2.61590e-15
3271.10,3.06320e-15
3271.61,2.84009e-15
3272.12,2.97683e-15
3272.63,3.01172e-15
3273.14,2.83996e-15
3273.65,2.81021e-15
3274.17,3.03049e-15
3274.68,3.39239e-15
3275.19,3.27324e-15
3275.70,2.95323e-15
3276.21,3.03614e-15
3276.72,3.30583e-15
3277.23,3.43169e-15
