,Unnamed: 0,Wavelength (Ang),Flux,Error
0,0,2222.29,6.8721e-16,2.39731e-16
1,1,2222.8,9.73537e-16,2.75358e-16
2,2,2223.31,4.67638e-16,2.05303e-16
3,3,2223.83,2.30196e-16,1.63047e-16
4,4,2224.34,5.7097e-16,1.59083e-16
5,5,2224.86,5.33821e-16,1.46127e-16
6,6,2225.37,7.360319999999999e-16,1.71052e-16
7,7,2225.89,4.52276e-16,1.42062e-16
8,8,2226.4,5.69249e-16,1.28508e-16
9,9,2226.91,6.35738e-16,1.32745e-16
10,10,2227.43,7.741569999999999e-16,1.4243e-16
11,11,2227.94,6.76002e-16,1.34812e-16
12,12,2228.46,6.85709e-16,1.17735e-16
13,13,2228.97,5.68593e-16,1.09724e-16
14,14,2229.49,6.7791e-16,1.17928e-16
15,15,2230.0,8.49097e-16,1.29353e-16
16,16,2230.52,4.76374e-16,9.41601e-17
17,17,2231.03,6.577269999999999e-16,1.05243e-16
18,18,2231.54,5.25802e-16,9.80156e-17
19,19,2232.06,5.503199999999999e-16,9.5946e-17
20,20,2232.57,5.352599999999999e-16,9.39926e-17
21,21,2233.09,4.4260799999999997e-16,9.10041e-17
22,22,2233.6,4.77852e-16,9.06616e-17
23,23,2234.12,6.685310000000002e-16,1.04199e-16
24,24,2234.63,4.10304e-16,8.78292e-17
25,25,2235.14,5.727759999999999e-16,9.76856e-17
26,26,2235.66,5.55841e-16,9.69853e-17
27,27,2236.17,6.838769999999999e-16,1.04157e-16
28,28,2236.69,4.48752e-16,8.96824e-17
29,29,2237.2,5.904309999999999e-16,9.74389e-17
30,30,2237.72,6.48537e-16,1.02498e-16
31,31,2238.23,6.00483e-16,9.81522e-17
32,32,2238.74,5.60903e-16,9.46811e-17
33,33,2239.26,5.91688e-16,9.9094e-17
34,34,2239.77,5.98038e-16,9.92216e-17
35,35,2240.29,6.848189999999999e-16,1.05084e-16
36,36,2240.8,4.0096299999999996e-16,8.89087e-17
37,37,2241.31,5.63673e-16,9.79347e-17
38,38,2241.83,3.09225e-16,7.79388e-17
39,39,2242.34,6.4085e-16,1.01299e-16
40,40,2242.86,7.322760000000002e-16,1.08734e-16
41,41,2243.37,4.74475e-16,9.29443e-17
42,42,2243.89,5.93674e-16,9.89651e-17
43,43,2244.4,5.90514e-16,9.92103e-17
44,44,2244.91,3.71506e-16,8.22708e-17
45,45,2245.43,7.82387e-16,1.09124e-16
46,46,2245.94,5.134579999999999e-16,9.35592e-17
47,47,2246.46,6.77563e-16,1.03825e-16
48,48,2246.97,5.70193e-16,9.61006e-17
49,49,2247.48,6.2237e-16,9.96325e-17
50,50,2248.0,7.583569999999999e-16,1.07283e-16
51,51,2248.51,5.18044e-16,9.12829e-17
52,52,2249.03,4.20811e-16,8.66308e-17
53,53,2249.54,5.54791e-16,9.72207e-17
54,54,2250.06,5.86627e-16,9.60882e-17
55,55,2250.57,5.17668e-16,8.99103e-17
56,56,2251.08,5.80061e-16,9.55471e-17
57,57,2251.6,5.1453e-16,9.09551e-17
58,58,2252.11,7.518469999999999e-16,1.05363e-16
59,59,2252.63,5.765249999999999e-16,9.55973e-17
60,60,2253.14,5.62944e-16,9.49105e-17
61,61,2253.65,5.02338e-16,8.84607e-17
62,62,2254.17,5.98195e-16,9.79139e-17
63,63,2254.68,3.89025e-16,8.3035e-17
64,64,2255.2,7.626969999999999e-16,1.05464e-16
65,65,2255.71,4.4847e-16,8.58091e-17
66,66,2256.22,5.19296e-16,9.01078e-17
67,67,2256.74,7.019609999999999e-16,1.03294e-16
68,68,2257.25,4.50475e-16,8.91704e-17
69,69,2257.77,5.63484e-16,9.67187e-17
70,70,2258.28,7.02441e-16,1.03673e-16
71,71,2258.79,6.92504e-16,1.03611e-16
72,72,2259.31,5.50985e-16,9.72237e-17
73,73,2259.82,5.64044e-16,9.69733e-17
74,74,2260.34,5.65278e-16,9.5533e-17
75,75,2260.85,7.210459999999999e-16,1.04126e-16
76,76,2261.36,6.32244e-16,9.924e-17
77,77,2261.88,5.609e-16,9.4322e-17
78,78,2262.39,6.56138e-16,9.90561e-17
79,79,2262.91,6.43359e-16,9.6655e-17
80,80,2263.42,6.510420000000002e-16,9.80723e-17
81,81,2263.93,5.04092e-16,9.2422e-17
82,82,2264.45,6.987459999999999e-16,1.02135e-16
83,83,2264.96,7.151890000000002e-16,1.05194e-16
84,84,2265.48,5.61021e-16,9.52049e-17
85,85,2265.99,5.38945e-16,9.46246e-17
86,86,2266.5,7.82257e-16,1.0836e-16
87,87,2267.02,6.02459e-16,9.48803e-17
88,88,2267.53,5.94959e-16,9.79796e-17
89,89,2268.05,4.29411e-16,8.63395e-17
90,90,2268.56,6.270289999999999e-16,9.75389e-17
91,91,2269.07,6.737839999999999e-16,1.01077e-16
92,92,2269.59,7.74037e-16,1.03613e-16
93,93,2270.1,5.14041e-16,9.09799e-17
94,94,2270.62,5.759799999999999e-16,9.25377e-17
95,95,2271.13,5.09289e-16,8.89665e-17
96,96,2271.64,5.80434e-16,9.38394e-17
97,97,2272.16,5.627799999999999e-16,9.34129e-17
98,98,2272.67,7.528770000000002e-16,1.02681e-16
99,99,2273.19,5.82201e-16,9.33657e-17
100,100,2273.7,3.4290699999999993e-16,8.63339e-17
101,101,2274.21,7.89887e-16,1.17549e-16
102,102,2274.73,4.29988e-16,8.96648e-17
103,103,2275.24,6.466339999999999e-16,1.07812e-16
104,104,2275.75,3.5715899999999995e-16,8.35741e-17
105,105,2276.27,6.278159999999999e-16,1.08318e-16
106,106,2276.78,5.25376e-16,9.92648e-17
107,107,2277.3,4.16215e-16,9.28904e-17
108,108,2277.81,6.71271e-16,1.11514e-16
109,109,2278.32,7.468389999999999e-16,1.14613e-16
110,110,2278.84,6.37147e-16,1.08957e-16
111,111,2279.35,6.36133e-16,1.05994e-16
112,112,2279.86,5.758479999999999e-16,1.03993e-16
113,113,2280.38,6.14985e-16,1.04915e-16
114,114,2280.89,4.68619e-16,9.26331e-17
115,115,2281.41,5.08874e-16,9.91288e-17
116,116,2281.92,6.52349e-16,1.05741e-16
117,117,2282.43,5.77126e-16,1.05196e-16
118,118,2282.95,6.36942e-16,1.03516e-16
119,119,2283.46,6.14209e-16,1.06025e-16
120,120,2283.98,3.92567e-16,8.10052e-17
121,121,2284.49,5.848049999999999e-16,9.22983e-17
122,122,2285.0,7.270400000000002e-16,1.00561e-16
123,123,2285.52,5.95353e-16,9.18737e-17
124,124,2286.03,5.03237e-16,8.81379e-17
125,125,2286.54,6.497949999999999e-16,9.56806e-17
126,126,2287.06,4.82294e-16,8.66532e-17
127,127,2287.57,4.654229999999999e-16,8.59665e-17
128,128,2288.08,5.014809999999999e-16,8.79329e-17
129,129,2288.6,5.16176e-16,8.91239e-17
130,130,2289.11,5.57353e-16,9.16231e-17
131,131,2289.63,5.73008e-16,9.2597e-17
132,132,2290.14,6.19844e-16,9.19581e-17
133,133,2290.65,6.5207500000000005e-16,9.45103e-17
134,134,2291.17,5.39298e-16,8.69245e-17
135,135,2291.68,6.220219999999999e-16,9.26024e-17
136,136,2292.19,6.57194e-16,9.554e-17
137,137,2292.71,7.18425e-16,1.00184e-16
138,138,2293.22,5.14861e-16,8.5258e-17
139,139,2293.74,4.90011e-16,8.61714e-17
140,140,2294.25,5.89037e-16,9.25165e-17
141,141,2294.76,4.95333e-16,8.498e-17
142,142,2295.28,4.18256e-16,7.9691e-17
143,143,2295.79,5.58968e-16,8.81098e-17
144,144,2296.3,6.238309999999999e-16,9.26794e-17
145,145,2296.82,5.816469999999999e-16,9.2834e-17
146,146,2297.33,6.09894e-16,9.48215e-17
147,147,2297.84,4.48111e-16,8.53467e-17
148,148,2298.36,7.08237e-16,9.87856e-17
149,149,2298.87,6.11438e-16,9.45634e-17
150,150,2299.39,5.87771e-16,9.25901e-17
151,151,2299.9,5.61731e-16,9.21286e-17
152,152,2300.41,5.53402e-16,9.11536e-17
153,153,2300.93,5.20775e-16,8.78057e-17
154,154,2301.44,5.53141e-16,8.98187e-17
155,155,2301.95,5.82926e-16,9.04126e-17
156,156,2302.47,6.74225e-16,9.42079e-17
157,157,2302.98,4.3065e-16,8.21874e-17
158,158,2303.49,5.15398e-16,8.6413e-17
159,159,2304.01,5.81116e-16,8.94045e-17
160,160,2304.52,5.56293e-16,8.81866e-17
161,161,2305.03,6.69479e-16,9.41875e-17
162,162,2305.55,5.3757e-16,8.55875e-17
163,163,2306.06,5.7938e-16,8.90036e-17
164,164,2306.58,5.0284e-16,8.25028e-17
165,165,2307.09,4.72435e-16,8.14019e-17
166,166,2307.6,5.30756e-16,8.30538e-17
167,167,2308.12,4.94872e-16,8.31338e-17
168,168,2308.63,5.68777e-16,8.52536e-17
169,169,2309.14,4.02847e-16,7.63757e-17
170,170,2309.66,4.60437e-16,7.96933e-17
171,171,2310.17,5.08683e-16,8.33069e-17
172,172,2310.68,5.008089999999999e-16,8.30827e-17
173,173,2311.2,5.01007e-16,8.34048e-17
174,174,2311.71,5.477589999999999e-16,8.56355e-17
175,175,2312.22,4.731059999999999e-16,8.29606e-17
176,176,2312.74,2.29598e-16,6.87224e-17
177,177,2313.25,5.38327e-16,8.85484e-17
178,178,2313.76,5.01405e-16,8.6506e-17
179,179,2314.28,4.5117899999999995e-16,8.49784e-17
180,180,2314.79,5.78681e-16,9.52669e-17
181,181,2315.3,4.542959999999999e-16,8.78458e-17
182,182,2315.82,5.9210299999999995e-16,9.62041e-17
183,183,2316.33,4.27058e-16,8.3552e-17
184,184,2316.84,5.84423e-16,9.54114e-17
185,185,2317.36,4.79676e-16,9.02098e-17
186,186,2317.87,7.218169999999999e-16,1.00908e-16
187,187,2318.39,4.80602e-16,8.70103e-17
188,188,2318.9,4.14624e-16,7.62635e-17
189,189,2319.41,4.995919999999999e-16,8.43598e-17
190,190,2319.93,4.914389999999999e-16,8.32734e-17
191,191,2320.44,5.12302e-16,8.31853e-17
192,192,2320.95,4.42989e-16,7.69791e-17
193,193,2321.47,4.97658e-16,8.0684e-17
194,194,2321.98,4.03494e-16,7.33567e-17
195,195,2322.49,5.63037e-16,8.58933e-17
196,196,2323.01,4.7153e-16,8.13901e-17
197,197,2323.52,5.14643e-16,8.3695e-17
198,198,2324.03,5.31053e-16,8.40741e-17
199,199,2324.55,6.961869999999999e-16,9.28149e-17
200,200,2325.06,2.9540699999999995e-16,7.02152e-17
201,201,2325.57,6.880229999999999e-16,9.04035e-17
202,202,2326.09,4.2766199999999997e-16,7.73871e-17
203,203,2326.6,4.33671e-16,7.64914e-17
204,204,2327.11,4.689139999999999e-16,8.12308e-17
205,205,2327.63,4.934769999999999e-16,8.22737e-17
206,206,2328.14,3.68669e-16,7.27412e-17
207,207,2328.65,4.49592e-16,7.86425e-17
208,208,2329.17,6.39319e-16,8.9964e-17
209,209,2329.68,5.02734e-16,8.26294e-17
210,210,2330.19,5.30637e-16,8.45775e-17
211,211,2330.71,6.689139999999999e-16,9.11083e-17
212,212,2331.22,4.46703e-16,7.94743e-17
213,213,2331.73,3.77564e-16,7.27194e-17
214,214,2332.25,5.281569999999999e-16,8.47997e-17
215,215,2332.76,5.17987e-16,8.28846e-17
216,216,2333.27,5.88441e-16,8.69733e-17
217,217,2333.78,6.46088e-16,9.14606e-17
218,218,2334.3,4.89112e-16,8.20747e-17
219,219,2334.81,4.88814e-16,8.31038e-17
220,220,2335.32,5.93137e-16,8.77448e-17
221,221,2335.84,3.86093e-16,7.68041e-17
222,222,2336.35,3.42577e-16,7.40455e-17
223,223,2336.86,4.80959e-16,8.0457e-17
224,224,2337.38,3.93329e-16,7.45865e-17
225,225,2337.89,5.654149999999999e-16,8.61935e-17
226,226,2338.4,5.86655e-16,8.78386e-17
227,227,2338.92,5.3962e-16,8.42678e-17
228,228,2339.43,3.17319e-16,7.12689e-17
229,229,2339.94,5.47117e-16,8.51877e-17
230,230,2340.46,5.743549999999999e-16,8.61102e-17
231,231,2340.97,4.26662e-16,7.879e-17
232,232,2341.48,3.95132e-16,7.68155e-17
233,233,2342.0,2.5266699999999997e-16,6.71517e-17
234,234,2342.51,3.0985199999999993e-16,7.0329e-17
235,235,2343.02,3.72463e-16,7.48251e-17
236,236,2343.54,3.48659e-16,7.21458e-17
237,237,2344.05,4.2705899999999996e-16,7.60326e-17
238,238,2344.56,4.26989e-16,7.42122e-17
239,239,2345.08,5.05648e-16,7.8561e-17
240,240,2345.59,5.86164e-16,8.35855e-17
241,241,2346.1,4.63338e-16,7.6458e-17
242,242,2346.61,4.68034e-16,7.7849e-17
243,243,2347.13,4.11507e-16,7.56882e-17
244,244,2347.64,5.90057e-16,8.50984e-17
245,245,2348.15,4.05417e-16,7.39866e-17
246,246,2348.67,3.848959999999999e-16,7.41894e-17
247,247,2349.18,5.80112e-16,8.69717e-17
248,248,2349.69,4.361059999999999e-16,8.00141e-17
249,249,2350.21,4.797489999999999e-16,8.38032e-17
250,250,2350.72,3.17836e-16,7.41754e-17
251,251,2351.23,5.06697e-16,8.54201e-17
252,252,2351.75,5.25023e-16,8.73496e-17
253,253,2352.26,3.39247e-16,7.66588e-17
254,254,2352.77,5.01526e-16,8.71503e-17
255,255,2353.29,3.27291e-16,7.45104e-17
256,256,2353.8,3.44227e-16,7.34266e-17
257,257,2354.31,2.9852599999999997e-16,7.19713e-17
258,258,2354.82,3.28114e-16,7.21724e-17
259,259,2355.34,2.55425e-16,6.69235e-17
260,260,2355.85,3.0241e-16,6.87564e-17
261,261,2356.36,4.14228e-16,7.44049e-17
262,262,2356.88,5.06782e-16,7.65914e-17
263,263,2357.39,3.5922099999999997e-16,7.05829e-17
264,264,2357.9,4.53278e-16,7.72063e-17
265,265,2358.42,5.39993e-16,8.06167e-17
266,266,2358.93,3.2559699999999995e-16,6.83264e-17
267,267,2359.44,4.6758299999999995e-16,7.67048e-17
268,268,2359.96,4.78322e-16,7.72271e-17
269,269,2360.47,4.62147e-16,7.55811e-17
270,270,2360.98,5.21435e-16,8.15632e-17
271,271,2361.49,4.3623399999999996e-16,7.63991e-17
272,272,2362.01,4.04152e-16,7.40296e-17
273,273,2362.52,5.98874e-16,8.51506e-17
274,274,2363.03,4.57568e-16,7.67916e-17
275,275,2363.55,4.74758e-16,7.66075e-17
276,276,2364.06,5.25972e-16,7.98499e-17
277,277,2364.57,3.683769999999999e-16,6.8665e-17
278,278,2365.08,5.24513e-16,7.76517e-17
279,279,2365.6,6.4223e-16,8.54195e-17
280,280,2366.11,4.45916e-16,7.5145e-17
281,281,2366.62,3.2888099999999995e-16,6.88678e-17
282,282,2367.14,4.82231e-16,7.66997e-17
283,283,2367.65,5.45351e-16,8.09052e-17
284,284,2368.16,5.22231e-16,7.99009e-17
285,285,2368.68,3.99575e-16,7.27609e-17
286,286,2369.19,4.00236e-16,7.17507e-17
287,287,2369.7,4.29714e-16,7.32124e-17
288,288,2370.21,5.44258e-16,8.0257e-17
289,289,2370.73,3.88347e-16,7.21475e-17
290,290,2371.24,4.02968e-16,7.2221e-17
291,291,2371.75,2.1712e-16,6.22398e-17
292,292,2372.27,2.41105e-16,6.49189e-17
293,293,2372.78,3.39563e-16,7.13179e-17
294,294,2373.29,3.1385399999999993e-16,7.12368e-17
295,295,2373.8,5.0834899999999995e-16,8.13839e-17
296,296,2374.32,5.5715e-16,8.06273e-17
297,297,2374.83,3.2451299999999997e-16,6.96992e-17
298,298,2375.34,4.55598e-16,7.51204e-17
299,299,2375.86,3.3138999999999995e-16,6.78885e-17
300,300,2376.37,5.08407e-16,7.73857e-17
301,301,2376.88,4.36308e-16,7.13255e-17
302,302,2377.4,4.10117e-16,7.21373e-17
303,303,2377.91,5.7933e-16,8.1244e-17
304,304,2378.42,4.86149e-16,7.65275e-17
305,305,2378.93,3.1279399999999997e-16,6.51228e-17
306,306,2379.45,5.50947e-16,8.00119e-17
307,307,2379.96,4.54909e-16,7.40347e-17
308,308,2380.47,3.1165099999999996e-16,6.66683e-17
309,309,2380.98,1.6965699999999998e-16,5.64279e-17
310,310,2381.5,2.60322e-16,6.40858e-17
311,311,2382.01,2.6754199999999994e-16,6.43101e-17
312,312,2382.52,3.28351e-16,6.78791e-17
313,313,2383.04,3.1116e-16,6.70798e-17
314,314,2383.55,4.18402e-16,7.1993e-17
315,315,2384.06,3.92736e-16,7.25899e-17
316,316,2384.57,4.20705e-16,7.36126e-17
317,317,2385.09,4.48766e-16,7.73392e-17
318,318,2385.6,3.74077e-16,7.28531e-17
319,319,2386.11,5.02872e-16,8.04068e-17
320,320,2386.63,4.05617e-16,7.55565e-17
321,321,2387.14,3.9766099999999996e-16,7.4336e-17
322,322,2387.65,6.08263e-16,8.5204e-17
323,323,2388.16,5.179719999999999e-16,8.06834e-17
324,324,2388.68,4.682829999999999e-16,7.74986e-17
325,325,2389.19,4.17613e-16,7.31551e-17
326,326,2389.7,4.59615e-16,7.36446e-17
327,327,2390.22,3.83236e-16,6.84322e-17
328,328,2390.73,4.76587e-16,7.48198e-17
329,329,2391.24,3.48113e-16,6.73749e-17
330,330,2391.75,2.70055e-16,5.99646e-17
331,331,2392.27,2.96403e-16,6.37932e-17
332,332,2392.78,2.4994899999999993e-16,6.24807e-17
333,333,2393.29,1.9608e-16,5.8688e-17
334,334,2393.8,1.42328e-16,5.55907e-17
335,335,2394.32,1.5976899999999994e-16,5.53179e-17
336,336,2394.83,3.3129e-16,6.65917e-17
337,337,2395.34,4.0528599999999996e-16,7.07495e-17
338,338,2395.85,4.46443e-16,7.35941e-17
339,339,2396.37,5.04104e-16,7.46708e-17
340,340,2396.88,3.3817099999999995e-16,6.66161e-17
341,341,2397.39,3.2032499999999993e-16,6.42311e-17
342,342,2397.91,4.2163e-16,6.99719e-17
343,343,2398.42,5.13532e-16,7.43646e-17
344,344,2398.93,4.22002e-16,7.09216e-17
345,345,2399.44,4.92925e-16,7.35259e-17
346,346,2399.96,5.30881e-16,7.64897e-17
347,347,2400.47,4.95926e-16,7.47078e-17
348,348,2400.98,5.25581e-16,7.53246e-17
349,349,2401.49,5.62288e-16,7.77543e-17
350,350,2402.01,5.814459999999999e-16,7.81503e-17
351,351,2402.52,4.2349399999999997e-16,6.99263e-17
352,352,2403.03,4.722e-16,7.25169e-17
353,353,2403.54,3.98765e-16,6.89389e-17
354,354,2404.06,3.50477e-16,6.5888e-17
355,355,2404.57,4.3785899999999996e-16,7.01736e-17
356,356,2405.08,4.68376e-16,7.16926e-17
357,357,2405.6,4.20162e-16,6.84374e-17
358,358,2406.11,4.4105099999999996e-16,6.96342e-17
359,359,2406.62,4.88072e-16,7.21309e-17
360,360,2407.13,5.32878e-16,7.6829e-17
361,361,2407.65,3.96064e-16,6.91245e-17
362,362,2408.16,5.37253e-16,7.84845e-17
363,363,2408.67,4.334189999999999e-16,7.07869e-17
364,364,2409.18,3.99105e-16,6.97365e-17
365,365,2409.7,4.442539999999999e-16,7.1691e-17
366,366,2410.21,3.95002e-16,6.99923e-17
367,367,2410.72,3.6818899999999996e-16,6.68571e-17
368,368,2411.23,3.9002e-16,6.74662e-17
369,369,2411.75,4.48983e-16,7.36358e-17
370,370,2412.26,4.6862e-16,7.3501e-17
371,371,2412.77,5.42778e-16,7.82599e-17
372,372,2413.28,5.48818e-16,7.68649e-17
373,373,2413.8,4.36071e-16,7.18558e-17
374,374,2414.31,5.20473e-16,7.54071e-17
375,375,2414.82,4.47225e-16,7.26601e-17
376,376,2415.33,5.42142e-16,7.66853e-17
377,377,2415.85,3.04976e-16,6.30987e-17
378,378,2416.36,3.2855499999999997e-16,6.27211e-17
379,379,2416.87,3.9541099999999997e-16,6.81499e-17
380,380,2417.38,4.74387e-16,7.26426e-17
381,381,2417.9,5.69798e-16,7.6592e-17
382,382,2418.41,5.08301e-16,7.18659e-17
383,383,2418.92,5.71942e-16,7.63747e-17
384,384,2419.43,5.01089e-16,7.2894e-17
385,385,2419.95,4.79957e-16,7.19177e-17
386,386,2420.46,4.23532e-16,6.80221e-17
387,387,2420.97,4.791169999999999e-16,7.23253e-17
388,388,2421.48,4.34576e-16,6.98378e-17
389,389,2422.0,4.930759999999999e-16,7.17472e-17
390,390,2422.51,4.50665e-16,7.17508e-17
391,391,2423.02,4.28034e-16,6.89823e-17
392,392,2423.53,5.51907e-16,7.55592e-17
393,393,2424.05,4.43925e-16,6.99786e-17
394,394,2424.56,3.76817e-16,6.6007e-17
395,395,2425.07,5.86582e-16,7.69207e-17
396,396,2425.58,4.22597e-16,7.57668e-17
397,397,2426.1,4.59141e-16,7.71646e-17
398,398,2426.61,5.79708e-16,8.48982e-17
399,399,2427.12,4.962389999999999e-16,8.1134e-17
400,400,2427.63,4.11231e-16,7.53772e-17
401,401,2428.15,3.98512e-16,7.46448e-17
402,402,2428.66,4.25326e-16,7.57209e-17
403,403,2429.17,3.4744299999999993e-16,7.00569e-17
404,404,2429.68,3.78093e-16,7.36318e-17
405,405,2430.2,4.5113e-16,7.93029e-17
406,406,2430.71,4.9242e-16,8.00484e-17
407,407,2431.22,6.472669999999999e-16,8.92685e-17
408,408,2431.73,4.37455e-16,8.79671e-17
409,409,2432.25,4.0642399999999998e-16,8.76805e-17
410,410,2432.76,4.51618e-16,8.97867e-17
411,411,2433.27,4.2468699999999995e-16,8.68673e-17
412,412,2433.78,3.56221e-16,8.32854e-17
413,413,2434.3,5.106799999999999e-16,9.44926e-17
414,414,2434.81,4.59465e-16,8.96092e-17
415,415,2435.32,3.94384e-16,8.55287e-17
416,416,2435.83,4.93796e-16,8.01195e-17
417,417,2436.34,5.57316e-16,8.36019e-17
418,418,2436.86,5.67346e-16,8.36806e-17
419,419,2437.37,4.13282e-16,7.34971e-17
420,420,2437.88,4.0862799999999996e-16,7.29802e-17
421,421,2438.39,4.17368e-16,7.45623e-17
422,422,2438.91,5.05424e-16,7.79217e-17
423,423,2439.42,4.98838e-16,7.80238e-17
424,424,2439.93,2.67914e-16,7.52282e-17
425,425,2440.44,4.03588e-16,8.278e-17
426,426,2440.96,3.7158899999999997e-16,8.43089e-17
427,427,2441.47,4.567019999999999e-16,8.68348e-17
428,428,2441.98,4.541749999999999e-16,7.66393e-17
429,429,2442.49,3.92714e-16,7.13424e-17
430,430,2443.01,4.0498199999999996e-16,7.3833e-17
431,431,2443.52,5.5761e-16,8.17205e-17
432,432,2444.03,4.65798e-16,7.70334e-17
433,433,2444.54,4.21873e-16,7.47156e-17
434,434,2445.05,2.39314e-16,6.0689e-17
435,435,2445.57,5.039159999999999e-16,7.70083e-17
436,436,2446.08,4.15251e-16,7.39774e-17
437,437,2446.59,3.8121e-16,7.21993e-17
438,438,2447.1,4.65296e-16,7.69792e-17
439,439,2447.62,4.963e-16,7.78986e-17
440,440,2448.13,3.62984e-16,7.05454e-17
441,441,2448.64,4.4223999999999996e-16,7.43887e-17
442,442,2449.15,3.5912e-16,6.88043e-17
443,443,2449.67,4.809839999999999e-16,7.58291e-17
444,444,2450.18,5.20872e-16,7.0777e-17
445,445,2450.69,4.56086e-16,6.85169e-17
446,446,2451.2,4.58575e-16,6.87589e-17
447,447,2451.71,5.62164e-16,7.39844e-17
448,448,2452.23,3.72112e-16,6.35205e-17
449,449,2452.74,3.4049599999999994e-16,6.25227e-17
450,450,2453.25,6.08477e-16,7.68489e-17
451,451,2453.76,3.79061e-16,6.47197e-17
452,452,2454.28,4.49613e-16,6.53949e-17
453,453,2454.79,4.47472e-16,6.85742e-17
454,454,2455.3,4.69453e-16,6.99325e-17
455,455,2455.81,4.21471e-16,6.64713e-17
456,456,2456.32,5.864e-16,7.45492e-17
457,457,2456.84,4.14316e-16,6.63006e-17
458,458,2457.35,4.66889e-16,7.0062e-17
459,459,2457.86,4.95253e-16,7.17459e-17
460,460,2458.37,5.36254e-16,7.34513e-17
461,461,2458.89,4.72599e-16,7.08943e-17
462,462,2459.4,6.06912e-16,7.56423e-17
463,463,2459.91,3.9766e-16,6.62374e-17
464,464,2460.42,4.2374599999999996e-16,6.70494e-17
465,465,2460.93,4.87882e-16,6.92056e-17
466,466,2461.45,3.3843599999999996e-16,6.24467e-17
467,467,2461.96,4.18776e-16,6.70532e-17
468,468,2462.47,4.94806e-16,7.00095e-17
469,469,2462.98,4.72343e-16,6.91968e-17
470,470,2463.49,4.48211e-16,6.68312e-17
471,471,2464.01,4.20268e-16,6.4903e-17
472,472,2464.52,5.30658e-16,7.11085e-17
473,473,2465.03,5.02105e-16,6.93158e-17
474,474,2465.54,3.91496e-16,6.43275e-17
475,475,2466.06,4.40727e-16,6.64718e-17
476,476,2466.57,3.57926e-16,6.02991e-17
477,477,2467.08,4.391319999999999e-16,6.63179e-17
478,478,2467.59,5.04309e-16,7.03271e-17
479,479,2468.1,5.18226e-16,7.03898e-17
480,480,2468.62,4.25823e-16,6.60335e-17
481,481,2469.13,4.4801e-16,6.93485e-17
482,482,2469.64,4.89643e-16,6.98933e-17
483,483,2470.15,5.08157e-16,7.07309e-17
484,484,2470.66,5.0763e-16,7.10495e-17
485,485,2471.18,3.9965399999999997e-16,6.44569e-17
486,486,2471.69,3.38846e-16,6.16491e-17
487,487,2472.2,4.88261e-16,6.86621e-17
488,488,2472.71,4.61785e-16,6.87506e-17
489,489,2473.22,4.14769e-16,6.61968e-17
490,490,2473.74,5.1551e-16,7.04951e-17
491,491,2474.25,4.63267e-16,6.79754e-17
492,492,2474.76,4.22507e-16,6.56612e-17
493,493,2475.27,4.12367e-16,6.49621e-17
494,494,2475.79,4.86782e-16,6.81115e-17
495,495,2476.3,5.831629999999999e-16,7.26597e-17
496,496,2476.81,4.81767e-16,6.74979e-17
497,497,2477.32,4.94843e-16,6.81935e-17
498,498,2477.83,3.27088e-16,5.9496e-17
499,499,2478.35,3.9557e-16,6.31615e-17
500,500,2478.86,5.38052e-16,6.98096e-17
501,501,2479.37,4.8205e-16,6.81734e-17
502,502,2479.88,4.41087e-16,6.50475e-17
503,503,2480.39,5.41824e-16,7.08489e-17
504,504,2480.91,4.63656e-16,6.62468e-17
505,505,2481.42,5.041739999999999e-16,6.76936e-17
506,506,2481.93,4.80994e-16,6.7028e-17
507,507,2482.44,5.96591e-16,7.25306e-17
508,508,2482.95,5.34679e-16,7.05703e-17
509,509,2483.47,4.51033e-16,6.72688e-17
510,510,2483.98,3.8249199999999996e-16,6.36495e-17
511,511,2484.49,3.8375499999999996e-16,6.29319e-17
512,512,2485.0,5.22518e-16,7.04277e-17
513,513,2485.51,4.8548e-16,6.9778e-17
514,514,2486.03,3.68194e-16,6.25376e-17
515,515,2486.54,5.93502e-16,7.47233e-17
516,516,2487.05,4.693619999999999e-16,6.71673e-17
517,517,2487.56,4.9138799999999995e-16,6.93183e-17
518,518,2488.07,3.5751999999999994e-16,6.13008e-17
519,519,2488.59,5.990269999999999e-16,7.42523e-17
520,520,2489.1,3.31178e-16,6.82055e-17
521,521,2489.61,6.70023e-16,8.63664e-17
522,522,2490.12,3.85594e-16,7.14108e-17
523,523,2490.63,6.07319e-16,8.36596e-17
524,524,2491.15,3.5335299999999997e-16,8.10854e-17
525,525,2491.66,2.4968099999999996e-16,7.39539e-17
526,526,2492.17,6.2991199999999995e-16,9.88735e-17
527,527,2492.68,5.224099999999999e-16,9.18109e-17
528,528,2493.19,4.09203e-16,8.2385e-17
529,529,2493.71,4.3205999999999996e-16,8.3938e-17
530,530,2494.22,5.24915e-16,8.9621e-17
531,531,2494.73,5.51088e-16,9.00872e-17
532,532,2495.24,5.31221e-16,8.95358e-17
533,533,2495.75,4.580399999999999e-16,8.39865e-17
534,534,2496.26,4.631959999999999e-16,8.35248e-17
535,535,2496.78,3.6423e-16,7.99953e-17
536,536,2497.29,5.26537e-16,8.79908e-17
537,537,2497.8,5.13532e-16,8.66076e-17
538,538,2498.31,4.89517e-16,8.44569e-17
539,539,2498.82,2.69307e-16,7.18579e-17
540,540,2499.34,4.90959e-16,7.58435e-17
541,541,2499.85,4.60988e-16,7.34548e-17
542,542,2500.36,4.63399e-16,7.54733e-17
543,543,2500.87,4.42726e-16,7.28665e-17
544,544,2501.38,4.37201e-16,6.39472e-17
545,545,2501.9,4.91421e-16,6.6805e-17
546,546,2502.41,4.73793e-16,6.60472e-17
547,547,2502.92,4.1230299999999997e-16,6.43265e-17
548,548,2503.43,5.27723e-16,6.89601e-17
549,549,2503.94,4.145229999999999e-16,6.32692e-17
550,550,2504.46,4.7098e-16,6.73427e-17
551,551,2504.97,4.01534e-16,6.49439e-17
552,552,2505.48,3.33259e-16,6.19759e-17
553,553,2505.99,4.809889999999999e-16,7.07061e-17
554,554,2506.5,3.99167e-16,6.72098e-17
555,555,2507.01,4.90605e-16,7.18714e-17
556,556,2507.53,6.87454e-16,8.09935e-17
557,557,2508.04,5.34573e-16,7.21037e-17
558,558,2508.55,5.29303e-16,7.07744e-17
559,559,2509.06,6.881229999999999e-16,7.76967e-17
560,560,2509.57,5.24863e-16,6.91511e-17
561,561,2510.09,3.96623e-16,6.15609e-17
562,562,2510.6,5.97501e-16,7.12161e-17
563,563,2511.11,5.53431e-16,6.89305e-17
564,564,2511.62,5.50926e-16,6.87837e-17
565,565,2512.13,4.16628e-16,6.19178e-17
566,566,2512.64,5.8898e-16,7.10944e-17
567,567,2513.16,4.74246e-16,6.4657e-17
568,568,2513.67,4.85888e-16,6.54022e-17
569,569,2514.18,5.525e-16,6.96223e-17
570,570,2514.69,4.04634e-16,6.24395e-17
571,571,2515.2,5.13502e-16,6.83312e-17
572,572,2515.72,4.30627e-16,6.39461e-17
573,573,2516.23,4.49676e-16,6.34075e-17
574,574,2516.74,4.00088e-16,6.13791e-17
575,575,2517.25,5.81114e-16,7.07248e-17
576,576,2517.76,3.86995e-16,6.16943e-17
577,577,2518.27,4.51031e-16,6.36263e-17
578,578,2518.79,5.38472e-16,6.91305e-17
579,579,2519.3,5.07283e-16,6.67016e-17
580,580,2519.81,5.10759e-16,6.66442e-17
581,581,2520.32,4.44543e-16,6.40995e-17
582,582,2520.83,4.61765e-16,6.56066e-17
583,583,2521.34,4.91331e-16,6.58868e-17
584,584,2521.86,4.13516e-16,6.37969e-17
585,585,2522.37,3.6888999999999997e-16,6.07871e-17
586,586,2522.88,4.94991e-16,6.71269e-17
587,587,2523.39,5.06733e-16,6.82148e-17
588,588,2523.9,4.52372e-16,6.53635e-17
589,589,2524.41,5.37489e-16,6.91263e-17
590,590,2524.93,5.17033e-16,6.77473e-17
591,591,2525.44,4.70337e-16,6.54686e-17
592,592,2525.95,5.40172e-16,6.94496e-17
593,593,2526.46,5.34155e-16,6.66478e-17
594,594,2526.97,5.51782e-16,6.92559e-17
595,595,2527.49,5.95049e-16,7.04163e-17
596,596,2528.0,5.14895e-16,6.66091e-17
597,597,2528.51,4.2578999999999996e-16,6.27352e-17
598,598,2529.02,4.57756e-16,6.28101e-17
599,599,2529.53,5.045759999999999e-16,6.56853e-17
600,600,2530.04,4.83198e-16,6.50609e-17
601,601,2530.56,6.20439e-16,7.16091e-17
602,602,2531.07,3.82982e-16,6.03067e-17
603,603,2531.58,5.23029e-16,6.65201e-17
604,604,2532.09,5.237069999999999e-16,6.70631e-17
605,605,2532.6,4.49397e-16,6.325e-17
606,606,2533.11,4.67494e-16,6.4515e-17
607,607,2533.63,5.03894e-16,6.59203e-17
608,608,2534.14,5.099159999999999e-16,6.66205e-17
609,609,2534.65,4.1780899999999996e-16,6.29286e-17
610,610,2535.16,3.85388e-16,6.07952e-17
611,611,2535.67,5.276169999999999e-16,6.80041e-17
612,612,2536.18,6.01871e-16,7.10291e-17
613,613,2536.7,4.99222e-16,6.55747e-17
614,614,2537.21,5.4109e-16,6.79807e-17
615,615,2537.72,4.667099999999999e-16,6.34065e-17
616,616,2538.23,4.0199599999999996e-16,6.09425e-17
617,617,2538.74,4.91457e-16,6.4999e-17
618,618,2539.25,5.51765e-16,6.69911e-17
619,619,2539.77,4.97584e-16,6.51162e-17
620,620,2540.28,5.24527e-16,6.73088e-17
621,621,2540.79,5.54275e-16,6.80266e-17
622,622,2541.3,4.3256499999999996e-16,6.25836e-17
623,623,2541.81,5.615849999999999e-16,6.87956e-17
624,624,2542.32,3.9828799999999997e-16,6.08112e-17
625,625,2542.83,5.12786e-16,6.71613e-17
626,626,2543.35,4.17415e-16,6.21357e-17
627,627,2543.86,4.50734e-16,6.33711e-17
628,628,2544.37,6.0198e-16,6.94227e-17
629,629,2544.88,4.72919e-16,6.50538e-17
630,630,2545.39,5.05663e-16,6.6321e-17
631,631,2545.9,5.388649999999999e-16,6.71474e-17
632,632,2546.42,5.02035e-16,6.66116e-17
633,633,2546.93,4.47121e-16,6.41524e-17
634,634,2547.44,5.69817e-16,7.01131e-17
635,635,2547.95,4.11113e-16,6.25869e-17
636,636,2548.46,4.65505e-16,6.40677e-17
637,637,2548.97,4.87561e-16,6.46979e-17
638,638,2549.49,4.19677e-16,6.20197e-17
639,639,2550.0,4.90267e-16,6.65128e-17
640,640,2550.51,4.818679999999999e-16,6.39617e-17
641,641,2551.02,4.50132e-16,6.44263e-17
642,642,2551.53,4.89291e-16,6.56025e-17
643,643,2552.04,4.73269e-16,6.44228e-17
644,644,2552.55,4.54076e-16,6.38982e-17
645,645,2553.07,3.55365e-16,5.90153e-17
646,646,2553.58,4.73566e-16,6.36527e-17
647,647,2554.09,4.940169999999999e-16,6.42729e-17
648,648,2554.6,3.6186199999999996e-16,5.85287e-17
649,649,2555.11,5.0401e-16,6.56189e-17
650,650,2555.62,5.20093e-16,6.66682e-17
651,651,2556.14,4.5868e-16,6.40913e-17
652,652,2556.65,4.2049099999999997e-16,6.20953e-17
653,653,2557.16,5.480809999999999e-16,6.9001e-17
654,654,2557.67,4.528839999999999e-16,6.43894e-17
655,655,2558.18,3.73066e-16,5.99188e-17
656,656,2558.69,4.70019e-16,6.46094e-17
657,657,2559.2,4.769869999999999e-16,6.50356e-17
658,658,2559.72,5.04885e-16,6.58198e-17
659,659,2560.23,5.787469999999999e-16,6.87871e-17
660,660,2560.74,5.335999999999999e-16,6.56631e-17
661,661,2561.25,5.40182e-16,6.69576e-17
662,662,2561.76,4.52776e-16,6.30173e-17
663,663,2562.27,4.834869999999999e-16,6.3561e-17
664,664,2562.79,4.47846e-16,6.25201e-17
665,665,2563.3,5.43351e-16,6.60417e-17
666,666,2563.81,4.3475e-16,6.09453e-17
667,667,2564.32,4.00134e-16,6.00297e-17
668,668,2564.83,4.34531e-16,5.9993e-17
669,669,2565.34,4.919439999999999e-16,6.43048e-17
670,670,2565.85,5.01674e-16,6.42269e-17
671,671,2566.37,4.640169999999999e-16,6.29284e-17
672,672,2566.88,3.7283999999999996e-16,5.62197e-17
673,673,2567.39,5.31931e-16,6.58233e-17
674,674,2567.9,5.71883e-16,6.73028e-17
675,675,2568.41,4.18304e-16,6.04964e-17
676,676,2568.92,3.52873e-16,5.66171e-17
677,677,2569.43,4.0472e-16,6.01472e-17
678,678,2569.95,5.1582e-16,6.48212e-17
679,679,2570.46,4.79573e-16,6.35604e-17
680,680,2570.97,4.29686e-16,6.14259e-17
681,681,2571.48,3.72349e-16,5.83452e-17
682,682,2571.99,5.13199e-16,6.51115e-17
683,683,2572.5,4.051e-16,5.96485e-17
684,684,2573.01,4.37462e-16,6.16179e-17
685,685,2573.53,4.49099e-16,6.12889e-17
686,686,2574.04,4.99232e-16,6.43774e-17
687,687,2574.55,4.76923e-16,6.29241e-17
688,688,2575.06,3.0610399999999995e-16,5.51527e-17
689,689,2575.57,5.69981e-16,6.77095e-17
690,690,2576.08,3.7571e-16,5.79209e-17
691,691,2576.59,4.1026499999999997e-16,6.10227e-17
692,692,2577.11,4.3777299999999996e-16,6.27757e-17
693,693,2577.62,3.82301e-16,6.03587e-17
694,694,2578.13,4.9471e-16,6.58182e-17
695,695,2578.64,3.9214899999999996e-16,6.21659e-17
696,696,2579.15,4.77592e-16,6.68615e-17
697,697,2579.66,4.40119e-16,6.40151e-17
698,698,2580.17,4.41564e-16,6.50584e-17
699,699,2580.69,4.94449e-16,6.82193e-17
700,700,2581.2,5.3883e-16,6.87356e-17
701,701,2581.71,3.62519e-16,5.93197e-17
702,702,2582.22,3.92296e-16,6.0675e-17
703,703,2582.73,3.64013e-16,5.95982e-17
704,704,2583.24,3.957e-16,6.06741e-17
705,705,2583.75,4.1250999999999997e-16,6.3219e-17
706,706,2584.26,2.8726499999999995e-16,5.70013e-17
707,707,2584.78,2.7200499999999997e-16,5.61872e-17
708,708,2585.29,2.5138499999999994e-16,5.45424e-17
709,709,2585.8,3.5069899999999994e-16,5.97217e-17
710,710,2586.31,2.9415099999999998e-16,5.62503e-17
711,711,2586.82,4.49546e-16,6.26631e-17
712,712,2587.33,4.18655e-16,6.02254e-17
713,713,2587.84,3.37731e-16,5.83818e-17
714,714,2588.36,4.40264e-16,6.21258e-17
715,715,2588.87,3.2040599999999995e-16,5.67026e-17
716,716,2589.38,5.35074e-16,6.71305e-17
717,717,2589.89,4.28164e-16,6.17195e-17
718,718,2590.4,4.40168e-16,6.1122e-17
719,719,2590.91,3.92543e-16,5.86183e-17
720,720,2591.42,4.0397199999999997e-16,5.93425e-17
721,721,2591.93,5.39431e-16,6.49462e-17
722,722,2592.45,3.97659e-16,5.85622e-17
723,723,2592.96,4.754e-16,6.20306e-17
724,724,2593.47,4.55652e-16,6.21433e-17
725,725,2593.98,3.98975e-16,5.79263e-17
726,726,2594.49,4.39247e-16,6.00923e-17
727,727,2595.0,5.15722e-16,6.41244e-17
728,728,2595.51,3.7776099999999997e-16,5.77539e-17
729,729,2596.03,4.19915e-16,5.96012e-17
730,730,2596.54,4.12847e-16,6.04047e-17
731,731,2597.05,4.1192e-16,6.04119e-17
732,732,2597.56,3.8653399999999996e-16,5.91819e-17
733,733,2598.07,2.09472e-16,5.02303e-17
734,734,2598.58,1.3057199999999996e-16,4.57994e-17
735,735,2599.09,2.7428200000000003e-16,5.32086e-17
736,736,2599.6,1.97036e-16,4.82047e-17
737,737,2600.12,4.10342e-16,5.92449e-17
738,738,2600.63,4.53595e-16,6.19622e-17
739,739,2601.14,3.5026199999999993e-16,5.58144e-17
740,740,2601.65,3.8990399999999996e-16,5.78636e-17
741,741,2602.16,4.222569999999999e-16,6.08322e-17
742,742,2602.67,5.699969999999999e-16,6.72669e-17
743,743,2603.18,5.16131e-16,6.38782e-17
744,744,2603.69,5.1425e-16,6.40832e-17
745,745,2604.21,4.2991799999999996e-16,6.05076e-17
746,746,2604.72,4.16088e-16,5.86547e-17
747,747,2605.23,3.71756e-16,5.60736e-17
748,748,2605.74,4.16342e-16,5.87375e-17
749,749,2606.25,4.61022e-16,6.13344e-17
750,750,2606.76,3.8861899999999997e-16,5.73347e-17
751,751,2607.27,5.42907e-16,6.48708e-17
752,752,2607.78,4.88957e-16,6.2318e-17
753,753,2608.3,4.53575e-16,6.08169e-17
754,754,2608.81,4.22752e-16,5.76686e-17
755,755,2609.32,4.31682e-16,5.93296e-17
756,756,2609.83,4.06833e-16,5.82663e-17
757,757,2610.34,4.62825e-16,6.20154e-17
758,758,2610.85,3.3604199999999997e-16,5.57565e-17
759,759,2611.36,2.72155e-16,5.24586e-17
760,760,2611.87,1.4877199999999996e-16,4.58345e-17
761,761,2612.39,1.99753e-16,4.95251e-17
762,762,2612.9,1.8947499999999999e-16,4.8243e-17
763,763,2613.41,3.5414399999999994e-16,5.53272e-17
764,764,2613.92,3.766449999999999e-16,5.59054e-17
765,765,2614.43,3.23027e-16,5.41837e-17
766,766,2614.94,3.50048e-16,5.52884e-17
767,767,2615.45,4.1395699999999997e-16,5.70919e-17
768,768,2615.96,5.02713e-16,6.2897e-17
769,769,2616.47,4.001629999999999e-16,5.76044e-17
770,770,2616.99,4.977379999999999e-16,6.19348e-17
771,771,2617.5,4.91316e-16,6.15002e-17
772,772,2618.01,4.26182e-16,5.88505e-17
773,773,2618.52,4.77827e-16,6.09295e-17
774,774,2619.03,4.5740299999999995e-16,6.10676e-17
775,775,2619.54,3.25612e-16,5.38951e-17
776,776,2620.05,4.89914e-16,6.23627e-17
777,777,2620.56,4.097629999999999e-16,5.70363e-17
778,778,2621.08,3.5712499999999996e-16,5.55874e-17
779,779,2621.59,4.71578e-16,6.01342e-17
780,780,2622.1,4.69165e-16,6.12572e-17
781,781,2622.61,3.8685599999999997e-16,5.55723e-17
782,782,2623.12,4.726979999999999e-16,6.12838e-17
783,783,2623.63,4.11966e-16,5.77378e-17
784,784,2624.14,4.478939999999999e-16,5.97313e-17
785,785,2624.65,4.20308e-16,5.72986e-17
786,786,2625.16,5.4005e-16,6.32013e-17
787,787,2625.68,4.94692e-16,6.13518e-17
788,788,2626.19,4.44061e-16,5.94657e-17
789,789,2626.7,3.9566899999999996e-16,5.81064e-17
790,790,2627.21,5.64187e-16,6.54008e-17
791,791,2627.72,5.49012e-16,6.51248e-17
792,792,2628.23,4.7569599999999995e-16,6.22526e-17
793,793,2628.74,5.796089999999999e-16,6.57886e-17
794,794,2629.25,5.02467e-16,6.30661e-17
795,795,2629.76,5.09417e-16,6.23894e-17
796,796,2630.28,4.64622e-16,6.07919e-17
797,797,2630.79,5.3602e-16,6.4015e-17
798,798,2631.3,4.884079999999999e-16,6.2215e-17
799,799,2631.81,5.03564e-16,6.17776e-17
800,800,2632.32,5.6338e-16,6.49185e-17
801,801,2632.83,4.68644e-16,6.02548e-17
802,802,2633.34,5.06914e-16,6.10003e-17
803,803,2633.85,4.885509999999999e-16,6.04626e-17
804,804,2634.36,4.59847e-16,6.01602e-17
805,805,2634.88,4.30572e-16,5.84666e-17
806,806,2635.39,5.03372e-16,6.26484e-17
807,807,2635.9,4.86683e-16,6.26293e-17
808,808,2636.41,4.37402e-16,6.05827e-17
809,809,2636.92,5.58429e-16,6.51877e-17
810,810,2637.43,4.59242e-16,6.19772e-17
811,811,2637.94,5.007579999999999e-16,6.26971e-17
812,812,2638.45,4.01339e-16,6.56457e-17
813,813,2638.96,3.4701e-16,6.15527e-17
814,814,2639.48,3.99742e-16,6.34145e-17
815,815,2639.99,5.1753e-16,7.12208e-17
816,816,2640.5,4.55455e-16,6.61785e-17
817,817,2641.01,4.39489e-16,6.43791e-17
818,818,2641.52,4.85482e-16,6.87695e-17
819,819,2642.03,4.7689599999999995e-16,6.77003e-17
820,820,2642.54,4.9548e-16,6.79728e-17
821,821,2643.05,5.16595e-16,6.99656e-17
822,822,2643.56,3.96682e-16,6.38062e-17
823,823,2644.08,3.9105e-16,6.28472e-17
824,824,2644.59,3.6384299999999996e-16,6.09323e-17
825,825,2645.1,3.747329999999999e-16,6.31057e-17
826,826,2645.61,4.74422e-16,6.70525e-17
827,827,2646.12,4.09726e-16,6.34438e-17
828,828,2646.63,3.5628699999999997e-16,6.01961e-17
829,829,2647.14,6.02762e-16,7.34272e-17
830,830,2647.65,4.11226e-16,6.33805e-17
831,831,2648.16,4.988569999999999e-16,6.79993e-17
832,832,2648.67,4.74252e-16,5.95028e-17
833,833,2649.19,4.477739999999999e-16,5.90919e-17
834,834,2649.7,4.0097e-16,5.73034e-17
835,835,2650.21,5.608389999999999e-16,6.35882e-17
836,836,2650.72,5.01801e-16,6.08082e-17
837,837,2651.23,4.6205e-16,5.92656e-17
838,838,2651.74,3.944039999999999e-16,5.57092e-17
839,839,2652.25,5.79183e-16,6.4449e-17
840,840,2652.76,5.247699999999999e-16,6.17577e-17
841,841,2653.27,4.70216e-16,5.94556e-17
842,842,2653.78,4.828379999999999e-16,5.98637e-17
843,843,2654.3,4.880629999999999e-16,5.94756e-17
844,844,2654.81,4.56033e-16,5.80229e-17
845,845,2655.32,4.22629e-16,5.76157e-17
846,846,2655.83,4.596359999999999e-16,5.944e-17
847,847,2656.34,4.3793399999999997e-16,5.84744e-17
848,848,2656.85,4.84057e-16,6.07472e-17
849,849,2657.36,4.4378399999999996e-16,5.85585e-17
850,850,2657.87,5.76019e-16,6.45305e-17
851,851,2658.38,4.2088e-16,5.51378e-17
852,852,2658.89,4.669969999999999e-16,5.95801e-17
853,853,2659.41,4.98303e-16,6.09476e-17
854,854,2659.92,4.57176e-16,5.98493e-17
855,855,2660.43,3.904249999999999e-16,5.74009e-17
856,856,2660.94,4.92905e-16,6.1141e-17
857,857,2661.45,3.4186e-16,5.39488e-17
858,858,2661.96,5.18232e-16,6.17446e-17
859,859,2662.47,6.405010000000002e-16,6.75004e-17
860,860,2662.98,4.61333e-16,5.93426e-17
861,861,2663.49,4.5411e-16,5.91886e-17
862,862,2664.0,4.24253e-16,5.85179e-17
863,863,2664.52,4.61731e-16,5.96784e-17
864,864,2665.03,5.57678e-16,6.36717e-17
865,865,2665.54,4.88673e-16,6.10237e-17
866,866,2666.05,4.76216e-16,5.96612e-17
867,867,2666.56,5.04451e-16,6.13279e-17
868,868,2667.07,4.64828e-16,5.89209e-17
869,869,2667.58,4.50004e-16,5.84092e-17
870,870,2668.09,5.07198e-16,6.14337e-17
871,871,2668.6,5.195959999999999e-16,6.10006e-17
872,872,2669.11,4.74835e-16,6.00223e-17
873,873,2669.62,4.14937e-16,5.69506e-17
874,874,2670.14,5.1001e-16,6.11693e-17
875,875,2670.65,3.8434699999999997e-16,5.62867e-17
876,876,2671.16,6.07831e-16,6.52469e-17
877,877,2671.67,4.2744299999999995e-16,5.72644e-17
878,878,2672.18,5.690089999999999e-16,6.39296e-17
879,879,2672.69,4.42931e-16,5.90249e-17
880,880,2673.2,3.72372e-16,5.5528e-17
881,881,2673.71,4.86468e-16,6.06977e-17
882,882,2674.22,4.06082e-16,5.68919e-17
883,883,2674.73,4.476179999999999e-16,5.79907e-17
884,884,2675.24,4.06453e-16,5.71226e-17
885,885,2675.76,4.86305e-16,6.04939e-17
886,886,2676.27,4.32543e-16,5.83377e-17
887,887,2676.78,3.64736e-16,5.47467e-17
888,888,2677.29,2.1944399999999994e-16,4.86795e-17
889,889,2677.8,2.4439299999999997e-16,4.93768e-17
890,890,2678.31,2.87038e-16,5.08648e-17
891,891,2678.82,3.62562e-16,5.51282e-17
892,892,2679.33,2.7807e-16,5.1296e-17
893,893,2679.84,3.2344499999999997e-16,5.43345e-17
894,894,2680.35,3.50973e-16,5.52107e-17
895,895,2680.86,2.5056399999999994e-16,5.00421e-17
896,896,2681.38,3.0416399999999997e-16,5.2678e-17
897,897,2681.89,4.36634e-16,5.91345e-17
898,898,2682.4,2.0855700000000003e-16,4.78982e-17
899,899,2682.91,3.03151e-16,5.1695e-17
900,900,2683.42,3.98444e-16,5.56441e-17
901,901,2683.93,2.97351e-16,5.22179e-17
902,902,2684.44,2.9751e-16,5.12245e-17
903,903,2684.95,3.44949e-16,5.4641e-17
904,904,2685.46,2.3020899999999993e-16,5.44926e-17
905,905,2685.97,3.22211e-16,5.9223e-17
906,906,2686.48,1.9288499999999998e-16,5.195e-17
907,907,2687.0,3.2199599999999994e-16,5.92204e-17
908,908,2687.51,4.75361e-16,6.56272e-17
909,909,2688.02,4.35967e-16,6.43307e-17
910,910,2688.53,4.7935e-16,6.65449e-17
911,911,2689.04,5.723389999999999e-16,7.09088e-17
912,912,2689.55,4.07104e-16,6.36309e-17
913,913,2690.06,4.233479999999999e-16,6.48291e-17
914,914,2690.57,4.8642e-16,6.58975e-17
915,915,2691.08,5.0811e-16,6.8455e-17
916,916,2691.59,5.196419999999999e-16,6.87129e-17
917,917,2692.1,4.58571e-16,6.55912e-17
918,918,2692.61,3.95429e-16,6.29652e-17
919,919,2693.13,4.83066e-16,6.76096e-17
920,920,2693.64,3.61683e-16,6.05162e-17
921,921,2694.15,4.8824e-16,6.6666e-17
922,922,2694.66,4.1736099999999996e-16,6.43072e-17
923,923,2695.17,5.223349999999999e-16,6.80578e-17
924,924,2695.68,3.75261e-16,5.4156e-17
925,925,2696.19,4.3131899999999996e-16,5.70705e-17
926,926,2696.7,4.2164399999999995e-16,5.6463e-17
927,927,2697.21,4.560649999999999e-16,5.80879e-17
928,928,2697.72,4.1235499999999997e-16,5.5919e-17
929,929,2698.23,5.22447e-16,6.08849e-17
930,930,2698.74,4.05392e-16,5.56854e-17
931,931,2699.26,3.33964e-16,5.2249e-17
932,932,2699.77,3.4611e-16,5.27306e-17
933,933,2700.28,3.9032e-16,5.42675e-17
934,934,2700.79,3.0725699999999994e-16,5.06042e-17
935,935,2701.3,4.01676e-16,5.54638e-17
936,936,2701.81,3.65913e-16,5.53342e-17
937,937,2702.32,4.20331e-16,5.798e-17
938,938,2702.83,4.67642e-16,5.89153e-17
939,939,2703.34,4.01174e-16,5.60197e-17
940,940,2703.85,4.74192e-16,5.95245e-17
941,941,2704.36,5.3245e-16,6.21947e-17
942,942,2704.87,3.7374e-16,5.51147e-17
943,943,2705.39,3.82443e-16,5.54499e-17
944,944,2705.9,4.3205e-16,5.72976e-17
945,945,2706.41,4.24407e-16,5.75237e-17
946,946,2706.92,4.82647e-16,5.96461e-17
947,947,2707.43,4.46904e-16,5.72032e-17
948,948,2707.94,4.10193e-16,5.64887e-17
949,949,2708.45,5.32012e-16,6.29538e-17
950,950,2708.96,4.69663e-16,5.92169e-17
951,951,2709.47,4.86244e-16,6.08163e-17
952,952,2709.98,4.15802e-16,5.69411e-17
953,953,2710.49,5.02072e-16,6.01115e-17
954,954,2711.0,5.65807e-16,6.43237e-17
955,955,2711.51,5.47716e-16,6.38049e-17
956,956,2712.03,4.4284799999999995e-16,5.83055e-17
957,957,2712.54,5.00309e-16,6.09765e-17
958,958,2713.05,4.567479999999999e-16,5.93363e-17
959,959,2713.56,4.448849999999999e-16,5.78239e-17
960,960,2714.07,4.75231e-16,5.89077e-17
961,961,2714.58,5.05647e-16,5.98795e-17
962,962,2715.09,3.980099999999999e-16,5.58434e-17
963,963,2715.6,4.1346799999999996e-16,5.6114e-17
964,964,2716.11,5.49544e-16,6.15683e-17
965,965,2716.62,3.72304e-16,5.35288e-17
966,966,2717.13,3.46389e-16,5.29914e-17
967,967,2717.64,4.67403e-16,5.84705e-17
968,968,2718.15,4.64921e-16,5.82736e-17
969,969,2718.67,4.56993e-16,5.8235e-17
970,970,2719.18,5.037e-16,6.03181e-17
971,971,2719.69,5.33495e-16,6.13647e-17
972,972,2720.2,3.7677e-16,5.4804e-17
973,973,2720.71,4.50448e-16,5.80101e-17
974,974,2721.22,4.97197e-16,5.98048e-17
975,975,2721.73,4.524759999999999e-16,5.78629e-17
976,976,2722.24,4.82414e-16,5.88729e-17
977,977,2722.75,4.3243299999999996e-16,5.85236e-17
978,978,2723.26,3.82803e-16,5.63268e-17
979,979,2723.77,4.11705e-16,5.73856e-17
980,980,2724.28,4.59361e-16,5.84295e-17
981,981,2724.79,3.95444e-16,5.53103e-17
982,982,2725.3,4.41213e-16,5.79404e-17
983,983,2725.82,3.2746999999999997e-16,5.06107e-17
984,984,2726.33,3.51862e-16,5.21878e-17
985,985,2726.84,4.491569999999999e-16,5.70438e-17
986,986,2727.35,3.978319999999999e-16,5.41345e-17
987,987,2727.86,4.57014e-16,5.77177e-17
988,988,2728.37,5.612869999999999e-16,6.22198e-17
989,989,2728.88,5.1656e-16,5.9593e-17
990,990,2729.39,4.67472e-16,5.83099e-17
991,991,2729.9,4.90948e-16,5.91638e-17
992,992,2730.41,3.42301e-16,5.23418e-17
993,993,2730.92,4.21058e-16,5.6073e-17
994,994,2731.43,3.50732e-16,5.40967e-17
995,995,2731.94,3.1390599999999994e-16,5.15731e-17
996,996,2732.45,3.5339899999999997e-16,5.36386e-17
997,997,2732.97,4.86171e-16,6.01881e-17
998,998,2733.48,3.79894e-16,5.52343e-17
999,999,2733.99,3.8736099999999997e-16,5.59744e-17
1000,1000,2734.5,4.48632e-16,5.77859e-17
1001,1001,2735.01,4.2957e-16,5.62134e-17
1002,1002,2735.52,4.88811e-16,5.93046e-17
1003,1003,2736.03,4.60437e-16,5.80608e-17
1004,1004,2736.54,4.49382e-16,5.83755e-17
1005,1005,2737.05,4.45577e-16,5.86743e-17
1006,1006,2737.56,4.86831e-16,6.03541e-17
1007,1007,2738.07,3.51059e-16,5.34855e-17
1008,1008,2738.58,3.97876e-16,5.51466e-17
1009,1009,2739.09,4.2012e-16,5.66665e-17
1010,1010,2739.6,3.22073e-16,5.20466e-17
1011,1011,2740.11,4.1717799999999997e-16,5.73355e-17
1012,1012,2740.63,4.39837e-16,5.64975e-17
1013,1013,2741.14,4.97981e-16,5.94597e-17
1014,1014,2741.65,3.76732e-16,5.47112e-17
1015,1015,2742.16,4.45562e-16,5.75788e-17
1016,1016,2742.67,3.99887e-16,5.49439e-17
1017,1017,2743.18,4.26888e-16,5.7747e-17
1018,1018,2743.69,3.762719999999999e-16,5.5751e-17
1019,1019,2744.2,5.37638e-16,6.2178e-17
1020,1020,2744.71,4.56737e-16,5.81618e-17
1021,1021,2745.22,4.442709999999999e-16,5.75808e-17
1022,1022,2745.73,4.24319e-16,5.66533e-17
1023,1023,2746.24,3.7016999999999996e-16,5.40313e-17
1024,1024,2746.75,4.494669999999999e-16,5.88483e-17
1025,1025,2747.26,2.97974e-16,5.09181e-17
1026,1026,2747.77,5.52366e-16,6.26227e-17
1027,1027,2748.29,4.26294e-16,5.72524e-17
1028,1028,2748.8,3.48832e-16,5.30746e-17
1029,1029,2749.31,4.61086e-16,5.91675e-17
1030,1030,2749.82,4.3746299999999997e-16,5.71921e-17
1031,1031,2750.33,3.99811e-16,5.55832e-17
1032,1032,2750.84,4.47404e-16,5.71903e-17
1033,1033,2751.35,5.33484e-16,6.12348e-17
1034,1034,2751.86,4.3162e-16,5.67378e-17
1035,1035,2752.37,4.45428e-16,5.70285e-17
1036,1036,2752.88,3.98648e-16,5.57266e-17
1037,1037,2753.39,4.26781e-16,5.6726e-17
1038,1038,2753.9,3.56031e-16,5.42404e-17
1039,1039,2754.41,4.2421e-16,5.79349e-17
1040,1040,2754.92,5.32668e-16,6.28469e-17
1041,1041,2755.43,4.52542e-16,5.95692e-17
1042,1042,2755.94,5.76976e-16,6.49217e-17
1043,1043,2756.46,4.9289e-16,6.09982e-17
1044,1044,2756.97,4.3216299999999996e-16,5.84519e-17
1045,1045,2757.48,4.74571e-16,5.99882e-17
1046,1046,2757.99,3.6498599999999997e-16,5.48128e-17
1047,1047,2758.5,4.46925e-16,5.78335e-17
1048,1048,2759.01,4.731919999999999e-16,5.84661e-17
1049,1049,2759.52,4.28601e-16,5.70685e-17
1050,1050,2760.03,4.44836e-16,5.8225e-17
1051,1051,2760.54,4.10872e-16,5.72305e-17
1052,1052,2761.05,4.694e-16,5.96545e-17
1053,1053,2761.56,4.86503e-16,6.04077e-17
1054,1054,2762.07,4.2143e-16,5.88015e-17
1055,1055,2762.58,5.2232e-16,6.28299e-17
1056,1056,2763.09,4.12961e-16,5.77827e-17
1057,1057,2763.6,4.40698e-16,5.86249e-17
1058,1058,2764.11,4.34796e-16,5.70956e-17
1059,1059,2764.62,4.10369e-16,5.60749e-17
1060,1060,2765.14,4.95515e-16,6.13502e-17
1061,1061,2765.65,5.20513e-16,6.17974e-17
1062,1062,2766.16,5.17612e-16,6.10684e-17
1063,1063,2766.67,4.31312e-16,5.8061e-17
1064,1064,2767.18,4.791579999999999e-16,5.8208e-17
1065,1065,2767.69,5.07673e-16,6.02276e-17
1066,1066,2768.2,4.77104e-16,5.77891e-17
1067,1067,2768.71,4.51366e-16,5.68889e-17
1068,1068,2769.22,5.49021e-16,6.18683e-17
1069,1069,2769.73,4.07808e-16,5.6271e-17
1070,1070,2770.24,3.45116e-16,5.29904e-17
1071,1071,2770.75,4.45533e-16,5.76374e-17
1072,1072,2771.26,4.053019999999999e-16,5.47314e-17
1073,1073,2771.77,4.23446e-16,5.71821e-17
1074,1074,2772.28,4.51237e-16,5.75962e-17
1075,1075,2772.79,3.19616e-16,5.11544e-17
1076,1076,2773.3,5.11181e-16,5.98731e-17
1077,1077,2773.82,4.38489e-16,5.74648e-17
1078,1078,2774.33,3.77046e-16,5.414e-17
1079,1079,2774.84,2.8213e-16,5.12216e-17
1080,1080,2775.35,3.72078e-16,5.56746e-17
1081,1081,2775.86,4.664449999999999e-16,5.82363e-17
1082,1082,2776.37,4.438859999999999e-16,5.78172e-17
1083,1083,2776.88,4.36519e-16,5.74529e-17
1084,1084,2777.39,4.3161799999999997e-16,5.70488e-17
1085,1085,2777.9,4.097459999999999e-16,5.67355e-17
1086,1086,2778.41,4.45628e-16,5.87328e-17
1087,1087,2778.92,4.67556e-16,5.89345e-17
1088,1088,2779.43,3.65186e-16,5.45472e-17
1089,1089,2779.94,4.41858e-16,5.7684e-17
1090,1090,2780.45,4.72758e-16,5.95669e-17
1091,1091,2780.96,4.55153e-16,5.86377e-17
1092,1092,2781.47,4.54995e-16,5.9635e-17
1093,1093,2781.98,4.32448e-16,5.86763e-17
1094,1094,2782.5,3.5428199999999995e-16,5.52614e-17
1095,1095,2783.01,5.131079999999999e-16,6.304e-17
1096,1096,2783.52,4.04893e-16,5.75636e-17
1097,1097,2784.03,3.92145e-16,5.64129e-17
1098,1098,2784.54,4.4360699999999997e-16,5.93391e-17
1099,1099,2785.05,4.11065e-16,5.74397e-17
1100,1100,2785.56,3.5032599999999995e-16,5.47902e-17
1101,1101,2786.07,4.641889999999999e-16,6.00233e-17
1102,1102,2786.58,4.93073e-16,6.10082e-17
1103,1103,2787.09,4.20644e-16,5.84693e-17
1104,1104,2787.6,4.90002e-16,6.10718e-17
1105,1105,2788.11,5.34977e-16,6.27271e-17
1106,1106,2788.62,3.97978e-16,5.64637e-17
1107,1107,2789.13,4.857379999999999e-16,5.98933e-17
1108,1108,2789.64,4.820799999999999e-16,6.01303e-17
1109,1109,2790.15,4.28492e-16,5.66888e-17
1110,1110,2790.66,3.53912e-16,5.41578e-17
1111,1111,2791.17,3.64817e-16,5.55558e-17
1112,1112,2791.68,4.64342e-16,6.09545e-17
1113,1113,2792.2,4.77971e-16,6.12119e-17
1114,1114,2792.71,4.05222e-16,5.88752e-17
1115,1115,2793.22,5.625159999999999e-16,6.58228e-17
1116,1116,2793.73,3.51224e-16,5.63774e-17
1117,1117,2794.24,3.1091e-16,5.50137e-17
1118,1118,2794.75,7.951999999999996e-18,3.70704e-17
1119,1119,2795.26,1.3873799999999998e-16,4.56203e-17
1120,1120,2795.77,2.61166e-16,5.02728e-17
1121,1121,2796.28,3.85712e-16,5.42379e-17
1122,1122,2796.79,3.37956e-16,5.23892e-17
1123,1123,2797.3,4.23789e-16,5.64905e-17
1124,1124,2797.81,3.8473699999999996e-16,5.55206e-17
1125,1125,2798.32,4.13091e-16,5.68742e-17
1126,1126,2798.83,4.36421e-16,5.74031e-17
1127,1127,2799.34,4.59186e-16,5.97847e-17
1128,1128,2799.85,3.5216299999999994e-16,5.36521e-17
1129,1129,2800.36,3.79174e-16,5.55011e-17
1130,1130,2800.87,3.03012e-16,5.16234e-17
1131,1131,2801.38,1.2169899999999994e-16,4.15552e-17
1132,1132,2801.9,1.4519099999999994e-16,4.47578e-17
1133,1133,2802.41,1.75233e-16,4.41681e-17
1134,1134,2802.92,2.4365599999999993e-16,4.92889e-17
1135,1135,2803.43,2.7637799999999993e-16,4.98141e-17
1136,1136,2803.94,4.2938e-16,5.7388e-17
1137,1137,2804.45,4.29026e-16,5.77498e-17
1138,1138,2804.96,4.2236e-16,5.80286e-17
1139,1139,2805.47,4.00106e-16,5.68871e-17
1140,1140,2805.98,2.8566e-16,5.12809e-17
1141,1141,2806.49,2.3183599999999997e-16,4.96214e-17
1142,1142,2807.0,3.63076e-16,5.5332e-17
1143,1143,2807.51,2.0253499999999995e-16,4.79347e-17
1144,1144,2808.02,2.16497e-16,4.71334e-17
1145,1145,2808.53,1.1251899999999998e-16,4.32905e-17
1146,1146,2809.04,0.0,3.63451e-17
1147,1147,2809.55,9.661099999999995e-17,4.23785e-17
1148,1148,2810.06,3.584699999999998e-17,3.8079e-17
1149,1149,2810.57,2.4739999999999994e-16,5.01321e-17
1150,1150,2811.08,3.77041e-16,5.51284e-17
1151,1151,2811.59,4.36528e-16,5.85269e-17
1152,1152,2812.1,4.51049e-16,5.92341e-17
1153,1153,2812.62,3.0978899999999993e-16,5.27275e-17
1154,1154,2813.13,2.34875e-16,4.85627e-17
1155,1155,2813.64,3.2502399999999997e-16,5.29467e-17
1156,1156,2814.15,2.26444e-16,4.7685e-17
1157,1157,2814.66,3.06975e-16,5.26678e-17
1158,1158,2815.17,1.8307299999999999e-16,4.62531e-17
1159,1159,2815.68,2.0635399999999999e-16,4.852e-17
1160,1160,2816.19,1.2411099999999998e-16,4.40391e-17
1161,1161,2816.7,4.882499999999996e-17,4.00661e-17
1162,1162,2817.21,1.3107499999999994e-16,4.40103e-17
1163,1163,2817.72,1.89966e-16,4.78479e-17
1164,1164,2818.23,2.9349599999999997e-16,5.34125e-17
1165,1165,2818.74,3.66367e-16,5.49541e-17
1166,1166,2819.25,3.87456e-16,5.82346e-17
1167,1167,2819.76,4.948149999999999e-16,6.20884e-17
1168,1168,2820.27,3.9541699999999997e-16,5.73836e-17
1169,1169,2820.78,3.56755e-16,5.41884e-17
1170,1170,2821.29,4.939189999999999e-16,6.07984e-17
1171,1171,2821.8,3.91847e-16,5.66398e-17
1172,1172,2822.31,3.91264e-16,5.46602e-17
1173,1173,2822.82,3.1684199999999997e-16,5.24447e-17
1174,1174,2823.34,3.2808399999999997e-16,5.34492e-17
1175,1175,2823.85,4.87666e-16,6.07251e-17
1176,1176,2824.36,4.897619999999999e-16,6.06734e-17
1177,1177,2824.87,4.08168e-16,5.59469e-17
1178,1178,2825.38,3.78545e-16,5.57592e-17
1179,1179,2825.89,3.36003e-16,5.19008e-17
1180,1180,2826.4,3.30286e-16,5.24419e-17
1181,1181,2826.91,5.030599999999999e-16,6.12033e-17
1182,1182,2827.42,4.33097e-16,5.76656e-17
1183,1183,2827.93,4.680249999999999e-16,6.00561e-17
1184,1184,2828.44,5.32553e-16,6.29446e-17
1185,1185,2828.95,3.80374e-16,5.47782e-17
1186,1186,2829.46,5.321249999999999e-16,6.25122e-17
1187,1187,2829.97,4.1779799999999997e-16,5.54005e-17
1188,1188,2830.48,3.70734e-16,5.45093e-17
1189,1189,2830.99,3.825e-16,5.55673e-17
1190,1190,2831.5,4.5674e-16,5.87141e-17
1191,1191,2832.01,4.94536e-16,5.99251e-17
1192,1192,2832.52,5.44868e-16,6.32627e-17
1193,1193,2833.03,4.63995e-16,6.01568e-17
1194,1194,2833.54,3.88557e-16,5.67313e-17
1195,1195,2834.05,4.09342e-16,5.82554e-17
1196,1196,2834.56,5.003619999999999e-16,6.79266e-17
1197,1197,2835.08,3.78699e-16,6.24239e-17
1198,1198,2835.59,4.374609999999999e-16,6.43597e-17
1199,1199,2836.1,3.88051e-16,6.29572e-17
1200,1200,2836.61,4.23255e-16,6.42371e-17
1201,1201,2837.12,3.62076e-16,6.13898e-17
1202,1202,2837.63,4.0141099999999997e-16,6.31866e-17
1203,1203,2838.14,3.72053e-16,6.17317e-17
1204,1204,2838.65,4.89851e-16,6.69342e-17
1205,1205,2839.16,4.0286899999999996e-16,6.33027e-17
1206,1206,2839.67,3.9493999999999996e-16,6.20505e-17
1207,1207,2840.18,4.2627299999999998e-16,6.39643e-17
1208,1208,2840.69,5.40026e-16,6.93782e-17
1209,1209,2841.2,3.2853599999999994e-16,5.8321e-17
1210,1210,2841.71,4.90839e-16,6.60487e-17
1211,1211,2842.22,4.11123e-16,6.38329e-17
1212,1212,2842.73,2.7315e-16,5.59625e-17
1213,1213,2843.24,3.69069e-16,6.12804e-17
1214,1214,2843.75,3.60136e-16,6.0967e-17
1215,1215,2844.26,3.5315699999999995e-16,6.02355e-17
1216,1216,2844.77,3.7147e-16,5.51128e-17
1217,1217,2845.28,3.4543300000000003e-16,5.43819e-17
1218,1218,2845.79,4.75142e-16,5.98656e-17
1219,1219,2846.3,3.9828e-16,5.55432e-17
1220,1220,2846.82,3.92133e-16,5.60551e-17
1221,1221,2847.33,3.63065e-16,5.5016e-17
1222,1222,2847.84,2.9668600000000003e-16,5.13838e-17
1223,1223,2848.35,4.06604e-16,5.64976e-17
1224,1224,2848.86,3.76907e-16,5.56477e-17
1225,1225,2849.37,4.24331e-16,5.79111e-17
1226,1226,2849.88,4.4351e-16,5.91947e-17
1227,1227,2850.39,3.90969e-16,5.56712e-17
1228,1228,2850.9,4.016329999999999e-16,5.6575e-17
1229,1229,2851.41,3.09449e-16,5.32728e-17
1230,1230,2851.92,3.4763e-16,5.40069e-17
1231,1231,2852.43,4.03781e-16,5.63135e-17
1232,1232,2852.94,3.5334699999999996e-16,5.38943e-17
1233,1233,2853.45,2.93683e-16,5.16308e-17
1234,1234,2853.96,3.60189e-16,5.42857e-17
1235,1235,2854.47,3.603329999999999e-16,5.56927e-17
1236,1236,2854.98,3.1674799999999994e-16,5.35991e-17
1237,1237,2855.49,3.05268e-16,5.18959e-17
1238,1238,2856.0,3.0134899999999994e-16,5.17785e-17
1239,1239,2856.51,3.30526e-16,5.18521e-17
1240,1240,2857.02,4.18828e-16,5.74282e-17
1241,1241,2857.53,3.0262999999999995e-16,5.07849e-17
1242,1242,2858.04,4.50236e-16,5.81489e-17
1243,1243,2858.55,4.1968e-16,5.67825e-17
1244,1244,2859.07,4.37449e-16,5.72591e-17
1245,1245,2859.58,3.7395e-16,5.49567e-17
1246,1246,2860.09,4.06721e-16,5.5793e-17
1247,1247,2860.6,3.6232199999999997e-16,5.35382e-17
1248,1248,2861.11,4.09015e-16,5.72426e-17
1249,1249,2861.62,4.23464e-16,5.77808e-17
1250,1250,2862.13,4.0488e-16,5.68509e-17
1251,1251,2862.64,2.69985e-16,5.04501e-17
1252,1252,2863.15,5.13209e-16,6.14725e-17
1253,1253,2863.66,4.29655e-16,5.84606e-17
1254,1254,2864.17,2.95101e-16,5.20827e-17
1255,1255,2864.68,3.2723299999999995e-16,5.36754e-17
1256,1256,2865.19,3.3076399999999994e-16,6.04839e-17
1257,1257,2865.7,2.3671e-16,5.63052e-17
1258,1258,2866.21,3.2358599999999993e-16,6.06628e-17
1259,1259,2866.72,2.61319e-16,5.76676e-17
1260,1260,2867.23,3.02749e-16,5.83747e-17
1261,1261,2867.74,2.64961e-16,5.70666e-17
1262,1262,2868.25,3.58511e-16,6.10542e-17
1263,1263,2868.76,3.96752e-16,6.31174e-17
1264,1264,2869.27,4.22416e-16,6.52849e-17
1265,1265,2869.78,4.59041e-16,6.65104e-17
1266,1266,2870.29,4.36385e-16,6.59962e-17
1267,1267,2870.8,3.5294499999999996e-16,6.12047e-17
1268,1268,2871.31,4.524699999999999e-16,6.6622e-17
1269,1269,2871.82,4.223029999999999e-16,6.53071e-17
1270,1270,2872.34,3.26948e-16,6.00734e-17
1271,1271,2872.85,4.52858e-16,6.75467e-17
1272,1272,2873.36,4.83152e-16,6.88136e-17
1273,1273,2873.87,3.62187e-16,6.11966e-17
1274,1274,2874.38,2.9717e-16,5.83874e-17
1275,1275,2874.89,3.2828e-16,6.03745e-17
1276,1276,2875.4,3.60472e-16,5.34782e-17
1277,1277,2875.91,4.2283299999999996e-16,5.75677e-17
1278,1278,2876.42,3.71232e-16,5.48003e-17
1279,1279,2876.93,4.854e-16,5.97596e-17
1280,1280,2877.44,5.57694e-16,6.19465e-17
1281,1281,2877.95,4.64778e-16,5.7771e-17
1282,1282,2878.46,3.46047e-16,5.29078e-17
1283,1283,2878.97,3.5517799999999995e-16,5.37235e-17
1284,1284,2879.48,4.16417e-16,5.64341e-17
1285,1285,2879.99,4.2315499999999997e-16,5.6056e-17
1286,1286,2880.5,3.41831e-16,5.40443e-17
1287,1287,2881.01,3.9241399999999997e-16,5.65837e-17
1288,1288,2881.52,3.41332e-16,5.99674e-17
1289,1289,2882.03,4.604169999999999e-16,6.69223e-17
1290,1290,2882.54,2.8163399999999997e-16,5.75434e-17
1291,1291,2883.05,3.5359899999999995e-16,6.05426e-17
1292,1292,2883.56,4.3083e-16,6.5886e-17
1293,1293,2884.07,4.810979999999999e-16,6.6332e-17
1294,1294,2884.58,2.65651e-16,5.51777e-17
1295,1295,2885.09,3.5991399999999994e-16,6.18675e-17
1296,1296,2885.61,4.52502e-16,6.49281e-17
1297,1297,2886.12,3.40253e-16,5.89848e-17
1298,1298,2886.63,3.0299199999999995e-16,5.87597e-17
1299,1299,2887.14,3.4963600000000003e-16,6.0438e-17
1300,1300,2887.65,4.84144e-16,6.73131e-17
1301,1301,2888.16,5.4538e-16,7.03246e-17
1302,1302,2888.67,3.90414e-16,6.23975e-17
1303,1303,2889.18,2.48036e-16,5.38353e-17
1304,1304,2889.69,2.84016e-16,5.67243e-17
1305,1305,2890.2,3.16776e-16,5.97673e-17
1306,1306,2890.71,5.14543e-16,6.93795e-17
1307,1307,2891.22,2.78046e-16,5.65577e-17
1308,1308,2891.73,2.8264399999999996e-16,5.10715e-17
1309,1309,2892.24,3.78646e-16,5.6185e-17
1310,1310,2892.75,4.0279499999999997e-16,5.56222e-17
1311,1311,2893.26,3.00768e-16,5.22113e-17
1312,1312,2893.77,3.0780799999999993e-16,5.22678e-17
1313,1313,2894.28,4.32352e-16,5.80701e-17
1314,1314,2894.79,4.84289e-16,6.05425e-17
1315,1315,2895.3,4.23811e-16,5.75565e-17
1316,1316,2895.81,3.77075e-16,5.57636e-17
1317,1317,2896.32,3.47404e-16,5.35059e-17
1318,1318,2896.83,3.1651399999999996e-16,5.2468e-17
1319,1319,2897.34,3.65424e-16,5.45494e-17
1320,1320,2897.85,4.2177099999999997e-16,5.68662e-17
1321,1321,2898.36,3.91038e-16,5.61239e-17
1322,1322,2898.87,3.8954e-16,5.55803e-17
1323,1323,2899.39,4.36214e-16,5.72008e-17
1324,1324,2899.9,3.62325e-16,5.42005e-17
1325,1325,2900.41,2.0123099999999996e-16,4.58748e-17
1326,1326,2900.92,3.874739999999999e-16,5.59025e-17
1327,1327,2901.43,4.44404e-16,5.83462e-17
1328,1328,2901.94,3.60682e-16,5.47127e-17
1329,1329,2902.45,4.45375e-16,5.86568e-17
1330,1330,2902.96,3.16384e-16,5.27811e-17
1331,1331,2903.47,4.2565e-16,5.77334e-17
1332,1332,2903.98,3.5157199999999995e-16,5.55254e-17
1333,1333,2904.49,2.9140999999999994e-16,5.18202e-17
1334,1334,2905.0,4.56738e-16,6.0064e-17
1335,1335,2905.51,3.8889399999999996e-16,5.63353e-17
1336,1336,2906.02,3.18481e-16,5.26428e-17
1337,1337,2906.53,2.7328499999999996e-16,5.00789e-17
1338,1338,2907.04,3.7535e-16,5.55709e-17
1339,1339,2907.55,2.90705e-16,5.04558e-17
1340,1340,2908.06,3.83783e-16,5.54726e-17
1341,1341,2908.57,4.52409e-16,5.87614e-17
1342,1342,2909.08,3.82055e-16,5.61135e-17
1343,1343,2909.59,3.12744e-16,5.14652e-17
1344,1344,2910.1,3.71223e-16,5.48194e-17
1345,1345,2910.61,2.97614e-16,5.18866e-17
1346,1346,2911.12,3.61365e-16,5.48329e-17
1347,1347,2911.63,3.78811e-16,5.49316e-17
1348,1348,2912.14,2.8637599999999996e-16,5.06099e-17
1349,1349,2912.65,3.2432199999999995e-16,5.20445e-17
1350,1350,2913.16,4.30675e-16,5.75497e-17
1351,1351,2913.68,3.50754e-16,5.33977e-17
1352,1352,2914.19,3.8277e-16,5.48217e-17
1353,1353,2914.7,3.10326e-16,5.21056e-17
1354,1354,2915.21,4.0679699999999997e-16,5.65148e-17
1355,1355,2915.72,3.83873e-16,5.60974e-17
1356,1356,2916.23,3.87869e-16,5.57216e-17
1357,1357,2916.74,3.70407e-16,5.42779e-17
1358,1358,2917.25,3.0254299999999993e-16,5.12453e-17
1359,1359,2917.76,5.01497e-16,6.11322e-17
1360,1360,2918.27,3.56663e-16,5.37553e-17
1361,1361,2918.78,3.93914e-16,5.58428e-17
1362,1362,2919.29,3.9717299999999996e-16,5.6315e-17
1363,1363,2919.8,3.70143e-16,5.4766e-17
1364,1364,2920.31,4.476189999999999e-16,5.89657e-17
1365,1365,2920.82,3.3695899999999994e-16,5.2393e-17
1366,1366,2921.33,4.2941899999999997e-16,5.69724e-17
1367,1367,2921.84,3.93132e-16,5.55203e-17
1368,1368,2922.35,3.68047e-16,5.49943e-17
1369,1369,2922.86,3.76204e-16,5.46959e-17
1370,1370,2923.37,3.9857e-16,5.58815e-17
1371,1371,2923.88,3.58988e-16,5.45192e-17
1372,1372,2924.39,4.7620699999999995e-16,5.97979e-17
1373,1373,2924.9,3.24732e-16,5.32697e-17
1374,1374,2925.41,3.52695e-16,5.46864e-17
1375,1375,2925.92,4.4044e-16,5.85463e-17
1376,1376,2926.43,3.12607e-16,5.17657e-17
1377,1377,2926.94,4.657799999999999e-16,5.91271e-17
1378,1378,2927.45,4.21303e-16,5.65129e-17
1379,1379,2927.96,3.8457599999999996e-16,5.55051e-17
1380,1380,2928.48,4.37792e-16,5.7245e-17
1381,1381,2928.99,4.54794e-16,5.84673e-17
1382,1382,2929.5,4.1431799999999996e-16,5.64889e-17
1383,1383,2930.01,3.84575e-16,5.51274e-17
1384,1384,2930.52,3.13147e-16,5.04992e-17
1385,1385,2931.03,4.0512599999999997e-16,5.59666e-17
1386,1386,2931.54,3.23739e-16,5.29309e-17
1387,1387,2932.05,4.16387e-16,5.72302e-17
1388,1388,2932.56,4.21106e-16,5.69378e-17
1389,1389,2933.07,4.48693e-16,5.80919e-17
1390,1390,2933.58,3.83896e-16,5.49596e-17
1391,1391,2934.09,3.40919e-16,5.34194e-17
1392,1392,2934.6,2.83352e-16,5.0097e-17
1393,1393,2935.11,3.9849e-16,5.50347e-17
1394,1394,2935.62,3.14616e-16,5.28862e-17
1395,1395,2936.13,3.81865e-16,5.57086e-17
1396,1396,2936.64,2.88629e-16,4.99695e-17
1397,1397,2937.15,3.1040899999999993e-16,5.20989e-17
1398,1398,2937.66,3.4058199999999994e-16,5.29435e-17
1399,1399,2938.17,2.8905799999999997e-16,5.04671e-17
1400,1400,2938.68,2.7632e-16,4.87509e-17
1401,1401,2939.19,4.1076e-16,5.59059e-17
1402,1402,2939.7,3.97691e-16,5.59419e-17
1403,1403,2940.21,4.819309999999999e-16,6.03193e-17
1404,1404,2940.72,3.4603599999999993e-16,5.46161e-17
1405,1405,2941.23,4.33038e-16,5.77339e-17
1406,1406,2941.74,4.44163e-16,5.8276e-17
1407,1407,2942.25,3.97721e-16,5.57619e-17
1408,1408,2942.76,3.87716e-16,5.61245e-17
1409,1409,2943.28,3.57212e-16,5.46831e-17
1410,1410,2943.79,3.81891e-16,5.52851e-17
1411,1411,2944.3,3.2364599999999997e-16,5.25761e-17
1412,1412,2944.81,4.49394e-16,5.80616e-17
1413,1413,2945.32,2.96299e-16,5.02907e-17
1414,1414,2945.83,3.6525599999999997e-16,5.42587e-17
1415,1415,2946.34,3.67574e-16,5.55198e-17
1416,1416,2946.85,3.9241e-16,5.63628e-17
1417,1417,2947.36,4.02e-16,5.64221e-17
1418,1418,2947.87,3.31061e-16,5.26193e-17
1419,1419,2948.38,3.7753099999999996e-16,5.4548e-17
1420,1420,2948.89,3.2274299999999995e-16,5.22332e-17
1421,1421,2949.4,3.60837e-16,5.37145e-17
1422,1422,2949.91,3.9686299999999996e-16,5.58287e-17
1423,1423,2950.42,3.47666e-16,5.27925e-17
1424,1424,2950.93,3.50299e-16,5.38756e-17
1425,1425,2951.44,2.84449e-16,4.92472e-17
1426,1426,2951.95,3.6048399999999996e-16,5.36824e-17
1427,1427,2952.46,4.61319e-16,5.92453e-17
1428,1428,2952.97,4.11507e-16,5.72811e-17
1429,1429,2953.48,3.0830399999999997e-16,5.18341e-17
1430,1430,2953.99,4.71551e-16,5.97543e-17
1431,1431,2954.5,4.8237e-16,6.00577e-17
1432,1432,2955.01,3.3652200000000003e-16,5.34319e-17
1433,1433,2955.52,3.71185e-16,5.43413e-17
1434,1434,2956.03,4.15198e-16,5.61396e-17
1435,1435,2956.54,3.84742e-16,5.48809e-17
1436,1436,2957.05,4.16314e-16,5.66224e-17
1437,1437,2957.56,3.3121799999999995e-16,5.23178e-17
1438,1438,2958.08,3.03275e-16,5.11292e-17
1439,1439,2958.59,3.0567399999999997e-16,5.02193e-17
1440,1440,2959.1,3.95598e-16,5.56734e-17
1441,1441,2959.61,3.3513899999999994e-16,5.21355e-17
1442,1442,2960.12,4.44395e-16,5.78301e-17
1443,1443,2960.63,3.78987e-16,5.35765e-17
1444,1444,2961.14,3.42779e-16,5.31599e-17
1445,1445,2961.65,3.58867e-16,5.40385e-17
1446,1446,2962.16,4.3992099999999998e-16,5.7408e-17
1447,1447,2962.67,4.1106e-16,5.65026e-17
1448,1448,2963.18,3.5909999999999996e-16,5.39191e-17
1449,1449,2963.69,4.30603e-16,5.74364e-17
1450,1450,2964.2,3.3689199999999997e-16,5.26406e-17
1451,1451,2964.71,3.0377799999999994e-16,5.09929e-17
1452,1452,2965.22,3.4322399999999995e-16,5.20067e-17
1453,1453,2965.73,3.8612099999999997e-16,5.50381e-17
1454,1454,2966.24,3.61413e-16,5.39232e-17
1455,1455,2966.75,4.2091599999999997e-16,5.70356e-17
1456,1456,2967.26,3.65252e-16,5.46692e-17
1457,1457,2967.77,4.1247e-16,5.5895e-17
1458,1458,2968.28,4.59528e-16,5.79531e-17
1459,1459,2968.79,3.97353e-16,5.54291e-17
1460,1460,2969.3,5.36447e-16,6.13077e-17
1461,1461,2969.81,3.38989e-16,5.3176e-17
1462,1462,2970.32,3.2971299999999994e-16,5.28785e-17
1463,1463,2970.83,3.76189e-16,5.42963e-17
1464,1464,2971.34,3.46166e-16,5.35691e-17
1465,1465,2971.85,4.459249999999999e-16,5.79491e-17
1466,1466,2972.36,4.23271e-16,5.71579e-17
1467,1467,2972.88,4.33945e-16,5.77621e-17
1468,1468,2973.39,3.7870799999999996e-16,5.43616e-17
1469,1469,2973.9,3.9003e-16,5.57772e-17
1470,1470,2974.41,4.3313899999999996e-16,5.66944e-17
1471,1471,2974.92,4.67334e-16,5.93404e-17
1472,1472,2975.43,4.852039999999999e-16,5.95523e-17
1473,1473,2975.94,3.25095e-16,5.22236e-17
1474,1474,2976.45,4.3594199999999997e-16,5.77865e-17
1475,1475,2976.96,4.3849099999999997e-16,5.81553e-17
1476,1476,2977.47,3.65493e-16,5.47745e-17
1477,1477,2977.98,4.67487e-16,5.94496e-17
1478,1478,2978.49,3.9769599999999996e-16,5.60993e-17
1479,1479,2979.0,4.51473e-16,5.89715e-17
1480,1480,2979.51,4.24646e-16,5.74685e-17
1481,1481,2980.02,5.11528e-16,6.041e-17
1482,1482,2980.53,4.24374e-16,5.74873e-17
1483,1483,2981.04,4.28974e-16,5.72663e-17
1484,1484,2981.55,4.70771e-16,5.85826e-17
1485,1485,2982.06,2.8448599999999995e-16,4.8802e-17
1486,1486,2982.57,3.81191e-16,5.36913e-17
1487,1487,2983.08,3.71323e-16,5.34957e-17
1488,1488,2983.59,4.78334e-16,5.84254e-17
1489,1489,2984.1,3.24423e-16,5.21186e-17
1490,1490,2984.61,5.17542e-16,6.13647e-17
1491,1491,2985.12,4.42035e-16,5.82991e-17
1492,1492,2985.63,3.91718e-16,5.49567e-17
1493,1493,2986.14,5.081529999999999e-16,6.15195e-17
1494,1494,2986.66,3.1977999999999994e-16,5.24645e-17
1495,1495,2987.17,3.73672e-16,5.48964e-17
1496,1496,2987.68,3.87968e-16,5.51635e-17
1497,1497,2988.19,3.29648e-16,5.28879e-17
1498,1498,2988.7,4.14328e-16,5.77556e-17
1499,1499,2989.21,3.74146e-16,5.37721e-17
1500,1500,2989.72,4.4061499999999996e-16,5.86175e-17
1501,1501,2990.23,4.36241e-16,5.76156e-17
1502,1502,2990.74,3.92229e-16,5.67254e-17
1503,1503,2991.25,4.83402e-16,6.04832e-17
1504,1504,2991.76,3.6777599999999996e-16,5.39055e-17
1505,1505,2992.27,4.01723e-16,5.59423e-17
1506,1506,2992.78,4.2677699999999995e-16,5.75045e-17
1507,1507,2993.29,3.649549999999999e-16,5.43324e-17
1508,1508,2993.8,4.70674e-16,5.90868e-17
1509,1509,2994.31,5.311029999999999e-16,6.20443e-17
1510,1510,2994.82,3.79751e-16,5.53539e-17
1511,1511,2995.33,4.34049e-16,5.69111e-17
1512,1512,2995.84,4.1794e-16,5.66566e-17
1513,1513,2996.35,3.1036299999999993e-16,5.11851e-17
1514,1514,2996.86,3.44477e-16,5.29126e-17
1515,1515,2997.37,3.3651199999999995e-16,5.23879e-17
1516,1516,2997.88,4.47656e-16,5.81207e-17
1517,1517,2998.39,3.46477e-16,5.32218e-17
1518,1518,2998.9,4.44345e-16,5.7362e-17
1519,1519,2999.41,4.33491e-16,5.63977e-17
1520,1520,2999.92,3.70856e-16,5.40419e-17
1521,1521,3000.43,4.4026e-16,5.78209e-17
1522,1522,3000.95,4.57685e-16,5.83965e-17
1523,1523,3001.46,4.15646e-16,5.62134e-17
1524,1524,3001.97,4.35098e-16,5.73209e-17
1525,1525,3002.48,2.96284e-16,5.08595e-17
1526,1526,3002.99,3.52477e-16,5.4262e-17
1527,1527,3003.5,3.61766e-16,5.34075e-17
1528,1528,3004.01,3.41894e-16,5.38631e-17
1529,1529,3004.52,4.16203e-16,5.81828e-17
1530,1530,3005.03,3.894029999999999e-16,5.68135e-17
1531,1531,3005.54,4.47256e-16,5.9693e-17
1532,1532,3006.05,3.9710499999999997e-16,5.72159e-17
1533,1533,3006.56,3.7542999999999997e-16,5.57427e-17
1534,1534,3007.07,3.4418e-16,5.21996e-17
1535,1535,3007.58,4.44241e-16,5.73818e-17
1536,1536,3008.09,4.6515e-16,5.85612e-17
1537,1537,3008.6,3.75033e-16,5.49655e-17
1538,1538,3009.11,4.235259999999999e-16,5.6499e-17
1539,1539,3009.62,5.52876e-16,6.21747e-17
1540,1540,3010.13,4.26566e-16,5.64692e-17
1541,1541,3010.64,4.66171e-16,5.79374e-17
1542,1542,3011.15,3.96971e-16,5.54293e-17
1543,1543,3011.66,4.13447e-16,5.63676e-17
1544,1544,3012.17,4.93556e-16,6.00588e-17
1545,1545,3012.68,3.60097e-16,5.31089e-17
1546,1546,3013.19,4.21646e-16,5.66739e-17
1547,1547,3013.7,4.59151e-16,5.72545e-17
1548,1548,3014.22,4.2295999999999997e-16,5.76642e-17
1549,1549,3014.73,4.17267e-16,5.69493e-17
1550,1550,3015.24,4.3506799999999995e-16,5.7847e-17
1551,1551,3015.75,4.33703e-16,5.64402e-17
1552,1552,3016.26,4.75392e-16,5.94837e-17
1553,1553,3016.77,3.6025499999999997e-16,5.29049e-17
1554,1554,3017.28,3.1009499999999996e-16,5.08526e-17
1555,1555,3017.79,4.09818e-16,5.60825e-17
1556,1556,3018.3,3.4555499999999995e-16,5.35506e-17
1557,1557,3018.81,3.03293e-16,5.09191e-17
1558,1558,3019.32,3.66468e-16,5.57117e-17
1559,1559,3019.83,4.53212e-16,6.03284e-17
1560,1560,3020.34,4.23209e-16,5.92624e-17
1561,1561,3020.85,3.41936e-16,5.61616e-17
1562,1562,3021.36,4.21503e-16,5.92794e-17
1563,1563,3021.87,3.976939999999999e-16,5.72847e-17
1564,1564,3022.38,4.26792e-16,5.95277e-17
1565,1565,3022.89,4.29944e-16,5.88679e-17
1566,1566,3023.4,4.09727e-16,5.71389e-17
1567,1567,3023.91,4.92104e-16,5.98097e-17
1568,1568,3024.42,4.844109999999999e-16,5.98031e-17
1569,1569,3024.93,4.89558e-16,5.95246e-17
1570,1570,3025.44,4.2853999999999996e-16,5.69744e-17
1571,1571,3025.95,4.76756e-16,5.90451e-17
1572,1572,3026.46,2.61006e-16,4.84413e-17
1573,1573,3026.97,4.98531e-16,6.00512e-17
1574,1574,3027.49,4.30528e-16,5.63181e-17
1575,1575,3028.0,3.949149999999999e-16,5.53567e-17
1576,1576,3028.51,3.46666e-16,5.25375e-17
1577,1577,3029.02,5.18361e-16,6.01742e-17
1578,1578,3029.53,3.24163e-16,5.29812e-17
1579,1579,3030.04,4.40561e-16,5.89932e-17
1580,1580,3030.55,4.18873e-16,5.81763e-17
1581,1581,3031.06,5.62713e-16,6.46661e-17
1582,1582,3031.57,5.467429999999999e-16,6.4165e-17
1583,1583,3032.08,5.0065e-16,6.29794e-17
1584,1584,3032.59,3.99052e-16,5.72934e-17
1585,1585,3033.1,3.78933e-16,5.69647e-17
1586,1586,3033.61,4.3746e-16,5.91496e-17
1587,1587,3034.12,4.6100299999999995e-16,5.98524e-17
1588,1588,3034.63,5.205669999999999e-16,6.25189e-17
1589,1589,3035.14,4.27083e-16,5.80154e-17
1590,1590,3035.65,4.03148e-16,5.5543e-17
1591,1591,3036.16,4.71658e-16,5.93416e-17
1592,1592,3036.67,3.98462e-16,5.61675e-17
1593,1593,3037.18,3.7699e-16,5.45414e-17
1594,1594,3037.69,4.68707e-16,5.84666e-17
1595,1595,3038.2,5.42399e-16,6.18233e-17
1596,1596,3038.71,5.16534e-16,6.10166e-17
1597,1597,3039.22,3.97035e-16,5.61248e-17
1598,1598,3039.74,3.959659999999999e-16,5.50968e-17
1599,1599,3040.25,4.3380599999999997e-16,5.72482e-17
1600,1600,3040.76,4.78659e-16,5.95091e-17
1601,1601,3041.27,4.98675e-16,5.89437e-17
1602,1602,3041.78,5.77439e-16,6.24058e-17
1603,1603,3042.29,4.736049999999999e-16,5.90559e-17
1604,1604,3042.8,3.68566e-16,6.00237e-17
1605,1605,3043.31,5.22097e-16,6.79096e-17
1606,1606,3043.82,5.662469999999999e-16,7.05582e-17
1607,1607,3044.33,3.65911e-16,5.96584e-17
1608,1608,3044.84,5.57248e-16,6.93694e-17
1609,1609,3045.35,4.35923e-16,6.25514e-17
1610,1610,3045.86,4.0808799999999996e-16,6.26529e-17
1611,1611,3046.37,4.4287e-16,6.26078e-17
1612,1612,3046.88,4.0153099999999996e-16,6.27967e-17
1613,1613,3047.39,5.67081e-16,7.0068e-17
1614,1614,3047.9,4.83167e-16,6.6586e-17
1615,1615,3048.41,4.73497e-16,6.71291e-17
1616,1616,3048.92,4.759829999999999e-16,6.57071e-17
1617,1617,3049.43,5.21259e-16,6.92657e-17
1618,1618,3049.94,4.47519e-16,6.29415e-17
1619,1619,3050.45,4.28118e-16,6.36789e-17
1620,1620,3050.96,6.028e-16,7.14634e-17
1621,1621,3051.48,3.49633e-16,5.80425e-17
1622,1622,3051.99,5.25927e-16,6.65874e-17
1623,1623,3052.5,5.48561e-16,6.83728e-17
1624,1624,3053.01,4.860419999999999e-16,5.8847e-17
1625,1625,3053.52,5.60841e-16,6.17397e-17
1626,1626,3054.03,5.454449999999999e-16,6.15074e-17
1627,1627,3054.54,4.1299199999999997e-16,5.54195e-17
1628,1628,3055.05,4.8760999999999995e-16,5.89997e-17
1629,1629,3055.56,5.260389999999999e-16,6.24388e-17
1630,1630,3056.07,5.200559999999999e-16,6.14005e-17
1631,1631,3056.58,4.42618e-16,5.7334e-17
1632,1632,3057.09,5.22531e-16,6.15559e-17
1633,1633,3057.6,3.69501e-16,5.42448e-17
1634,1634,3058.11,4.46146e-16,5.82495e-17
1635,1635,3058.62,5.01243e-16,5.96007e-17
1636,1636,3059.13,4.97354e-16,6.00968e-17
1637,1637,3059.64,4.612089999999999e-16,5.86903e-17
1638,1638,3060.15,5.68364e-16,6.24421e-17
1639,1639,3060.66,4.2723699999999996e-16,5.59086e-17
1640,1640,3061.17,4.32248e-16,5.54123e-17
1641,1641,3061.68,5.61434e-16,6.14546e-17
1642,1642,3062.19,5.32719e-16,6.06074e-17
1643,1643,3062.7,4.47625e-16,5.78536e-17
1644,1644,3063.22,5.91917e-16,6.47601e-17
1645,1645,3063.73,4.28154e-16,5.75385e-17
1646,1646,3064.24,4.93691e-16,6.14797e-17
1647,1647,3064.75,5.41751e-16,6.16839e-17
1648,1648,3065.26,5.10802e-16,6.28355e-17
1649,1649,3065.77,5.71675e-16,6.35741e-17
1650,1650,3066.28,5.75158e-16,6.42145e-17
1651,1651,3066.79,4.8424e-16,5.94564e-17
1652,1652,3067.3,5.448889999999999e-16,6.23888e-17
1653,1653,3067.81,4.56766e-16,5.71434e-17
1654,1654,3068.32,5.05019e-16,5.97055e-17
1655,1655,3068.83,5.23652e-16,6.10667e-17
1656,1656,3069.34,3.9640399999999996e-16,5.51937e-17
1657,1657,3069.85,4.1699899999999995e-16,5.61307e-17
1658,1658,3070.36,5.05766e-16,5.85056e-17
1659,1659,3070.87,4.027869999999999e-16,5.49426e-17
1660,1660,3071.38,4.496219999999999e-16,5.77342e-17
1661,1661,3071.89,3.84643e-16,5.48206e-17
1662,1662,3072.4,4.94803e-16,5.98187e-17
1663,1663,3072.91,3.6505e-16,5.41938e-17
1664,1664,3073.42,3.27941e-16,5.26997e-17
1665,1665,3073.94,6.13872e-16,6.50259e-17
1666,1666,3074.45,3.51224e-16,5.40835e-17
1667,1667,3074.96,5.28217e-16,6.14636e-17
1668,1668,3075.47,5.14994e-16,6.08236e-17
1669,1669,3075.98,4.51923e-16,5.90301e-17
1670,1670,3076.49,3.74755e-16,5.4696e-17
1671,1671,3077.0,3.669359999999999e-16,5.34923e-17
1672,1672,3077.51,4.57137e-16,5.7592e-17
1673,1673,3078.02,3.54405e-16,5.35944e-17
1674,1674,3078.53,4.88634e-16,5.90108e-17
1675,1675,3079.04,5.0852699999999995e-16,6.12915e-17
1676,1676,3079.55,3.4206e-16,5.38534e-17
1677,1677,3080.06,4.1223399999999997e-16,5.67828e-17
1678,1678,3080.57,4.69314e-16,5.84229e-17
1679,1679,3081.08,4.2822e-16,5.68071e-17
1680,1680,3081.59,3.89699e-16,5.51612e-17
1681,1681,3082.1,5.371079999999999e-16,6.16157e-17
1682,1682,3082.61,4.1986999999999996e-16,5.56639e-17
1683,1683,3083.12,3.5074999999999993e-16,5.37238e-17
1684,1684,3083.63,4.92434e-16,5.92066e-17
1685,1685,3084.15,3.55514e-16,5.36528e-17
1686,1686,3084.66,4.2992399999999996e-16,5.693e-17
1687,1687,3085.17,3.8771699999999997e-16,5.48888e-17
1688,1688,3085.68,4.25971e-16,5.5536e-17
1689,1689,3086.19,5.491659999999999e-16,6.10305e-17
1690,1690,3086.7,4.48161e-16,5.69751e-17
1691,1691,3087.21,4.02102e-16,5.5408e-17
1692,1692,3087.72,3.77155e-16,5.33935e-17
1693,1693,3088.23,3.7855e-16,5.47783e-17
1694,1694,3088.74,3.87203e-16,5.53666e-17
1695,1695,3089.25,4.23966e-16,5.66237e-17
1696,1696,3089.76,4.22005e-16,5.59563e-17
1697,1697,3090.27,2.61798e-16,4.75118e-17
1698,1698,3090.78,4.162e-16,5.626e-17
1699,1699,3091.29,3.1314199999999993e-16,5.13514e-17
1700,1700,3091.8,4.29404e-16,5.60946e-17
1701,1701,3092.31,4.23489e-16,5.7308e-17
1702,1702,3092.82,5.32979e-16,6.14042e-17
1703,1703,3093.33,3.9770699999999996e-16,5.57529e-17
1704,1704,3093.84,5.27591e-16,6.19069e-17
1705,1705,3094.36,3.77304e-16,5.48542e-17
1706,1706,3094.87,2.76635e-16,4.82845e-17
1707,1707,3095.38,4.1750499999999997e-16,5.6235e-17
1708,1708,3095.89,3.81907e-16,5.4685e-17
1709,1709,3096.4,4.4117799999999997e-16,5.75582e-17
1710,1710,3096.91,3.97072e-16,5.64046e-17
1711,1711,3097.42,3.90475e-16,5.46318e-17
1712,1712,3097.93,4.18767e-16,5.62727e-17
1713,1713,3098.44,4.04037e-16,5.46225e-17
1714,1714,3098.95,2.7908999999999997e-16,4.93571e-17
1715,1715,3099.46,2.95783e-16,5.01943e-17
1716,1716,3099.97,3.42732e-16,5.31945e-17
1717,1717,3100.48,3.69689e-16,5.44789e-17
1718,1718,3100.99,4.30786e-16,5.73159e-17
1719,1719,3101.5,4.0372e-16,5.65556e-17
1720,1720,3102.01,5.01649e-16,5.994e-17
1721,1721,3102.52,3.46248e-16,5.26671e-17
1722,1722,3103.03,4.0308199999999997e-16,5.61123e-17
1723,1723,3103.54,4.96536e-16,5.9995e-17
1724,1724,3104.06,3.4114499999999995e-16,5.36512e-17
1725,1725,3104.57,3.5769899999999996e-16,5.40726e-17
1726,1726,3105.08,4.942009999999999e-16,6.08913e-17
1727,1727,3105.59,3.981189999999999e-16,5.63423e-17
1728,1728,3106.1,3.48577e-16,5.33409e-17
1729,1729,3106.61,4.32834e-16,5.69689e-17
1730,1730,3107.12,3.61387e-16,5.55654e-17
1731,1731,3107.63,4.18414e-16,5.77928e-17
1732,1732,3108.14,4.80136e-16,5.97908e-17
1733,1733,3108.65,2.70859e-16,5.07061e-17
1734,1734,3109.16,3.3415699999999994e-16,5.34893e-17
1735,1735,3109.67,4.13315e-16,5.59199e-17
1736,1736,3110.18,4.21572e-16,5.69716e-17
1737,1737,3110.69,4.12508e-16,5.61978e-17
1738,1738,3111.2,2.9927599999999994e-16,5.14807e-17
1739,1739,3111.71,3.72661e-16,5.47596e-17
1740,1740,3112.22,3.07668e-16,5.09388e-17
1741,1741,3112.74,3.59418e-16,5.33348e-17
1742,1742,3113.25,3.09057e-16,5.16378e-17
1743,1743,3113.76,3.72463e-16,5.52106e-17
1744,1744,3114.27,2.86907e-16,5.14105e-17
1745,1745,3114.78,4.900839999999999e-16,6.11313e-17
1746,1746,3115.29,4.22398e-16,5.80153e-17
1747,1747,3115.8,3.2636499999999993e-16,5.33663e-17
1748,1748,3116.31,4.2977499999999997e-16,5.80046e-17
1749,1749,3116.82,3.1642299999999997e-16,5.24292e-17
1750,1750,3117.33,3.1702999999999995e-16,5.22481e-17
1751,1751,3117.84,2.9522e-16,5.18155e-17
1752,1752,3118.35,3.89169e-16,5.59736e-17
1753,1753,3118.86,4.28251e-16,5.69601e-17
1754,1754,3119.37,3.50077e-16,5.49612e-17
1755,1755,3119.88,3.0550799999999997e-16,5.30835e-17
1756,1756,3120.39,4.14811e-16,5.65568e-17
1757,1757,3120.9,3.3328599999999997e-16,5.49656e-17
1758,1758,3121.42,3.25828e-16,5.35672e-17
1759,1759,3121.93,4.1510499999999997e-16,5.72968e-17
1760,1760,3122.44,3.86019e-16,5.73121e-17
1761,1761,3122.95,4.970999999999999e-16,6.21325e-17
1762,1762,3123.46,3.00042e-16,5.20892e-17
1763,1763,3123.97,3.84219e-16,5.6703e-17
1764,1764,3124.48,4.70326e-16,5.99592e-17
1765,1765,3124.99,4.3400699999999997e-16,5.82216e-17
1766,1766,3125.5,3.5357499999999993e-16,5.37944e-17
1767,1767,3126.01,3.04199e-16,5.13103e-17
1768,1768,3126.52,3.73881e-16,5.45357e-17
1769,1769,3127.03,3.87986e-16,5.47802e-17
1770,1770,3127.54,3.1565299999999996e-16,5.15932e-17
1771,1771,3128.05,1.9615099999999998e-16,4.499e-17
1772,1772,3128.56,3.04941e-16,5.16729e-17
1773,1773,3129.07,3.3198099999999994e-16,5.21555e-17
1774,1774,3129.58,4.0452e-16,5.58127e-17
1775,1775,3130.1,3.10935e-16,5.18278e-17
1776,1776,3130.61,3.37032e-16,5.20842e-17
1777,1777,3131.12,2.87089e-16,5.11881e-17
1778,1778,3131.63,2.88037e-16,5.0206e-17
1779,1779,3132.14,3.70984e-16,5.4089e-17
1780,1780,3132.65,4.38884e-16,5.67272e-17
1781,1781,3133.16,3.1062e-16,5.1229e-17
1782,1782,3133.67,2.6410299999999995e-16,4.79527e-17
1783,1783,3134.18,4.18145e-16,5.59219e-17
1784,1784,3134.69,3.09564e-16,5.08487e-17
1785,1785,3135.2,3.8204999999999997e-16,5.42249e-17
1786,1786,3135.71,2.71885e-16,5.0478e-17
1787,1787,3136.22,3.83092e-16,5.56121e-17
1788,1788,3136.73,3.89799e-16,5.59315e-17
1789,1789,3137.24,3.0889300000000003e-16,5.1991e-17
1790,1790,3137.75,2.2201599999999994e-16,4.77637e-17
1791,1791,3138.27,3.8107e-16,5.56446e-17
1792,1792,3138.78,4.69187e-16,6.02232e-17
1793,1793,3139.29,3.70177e-16,5.49206e-17
1794,1794,3139.8,3.34512e-16,5.37369e-17
1795,1795,3140.31,2.22995e-16,4.804e-17
1796,1796,3140.82,3.13514e-16,5.2025e-17
1797,1797,3141.33,3.4418799999999994e-16,5.37051e-17
1798,1798,3141.84,3.59894e-16,5.31116e-17
1799,1799,3142.35,3.63965e-16,5.36657e-17
1800,1800,3142.86,3.0328399999999994e-16,5.03492e-17
1801,1801,3143.37,3.79508e-16,5.42363e-17
1802,1802,3143.88,4.25741e-16,5.60112e-17
1803,1803,3144.39,3.2665e-16,5.21339e-17
1804,1804,3144.9,3.51201e-16,5.30886e-17
1805,1805,3145.41,4.4366899999999995e-16,5.7402e-17
1806,1806,3145.93,3.8742e-16,5.4593e-17
1807,1807,3146.44,3.8058599999999997e-16,5.52677e-17
1808,1808,3146.95,2.7427e-16,4.84291e-17
1809,1809,3147.46,3.0679399999999997e-16,5.08841e-17
1810,1810,3147.97,2.5453199999999995e-16,4.82116e-17
1811,1811,3148.48,3.55842e-16,5.27262e-17
1812,1812,3148.99,3.66943e-16,5.33498e-17
1813,1813,3149.5,3.5528799999999997e-16,5.39517e-17
1814,1814,3150.01,3.3170499999999993e-16,5.20801e-17
1815,1815,3150.52,3.2429299999999994e-16,5.23927e-17
1816,1816,3151.03,3.1508499999999997e-16,5.07849e-17
1817,1817,3151.54,3.39708e-16,5.32876e-17
1818,1818,3152.05,2.9961699999999997e-16,5.08976e-17
1819,1819,3152.56,3.13244e-16,5.08015e-17
1820,1820,3153.07,3.28831e-16,5.26727e-17
1821,1821,3153.59,3.04366e-16,5.19364e-17
1822,1822,3154.1,3.93859e-16,5.6002e-17
1823,1823,3154.61,3.2667699999999996e-16,5.27801e-17
1824,1824,3155.12,4.06507e-16,5.60292e-17
1825,1825,3155.63,4.37745e-16,5.81066e-17
1826,1826,3156.14,3.46064e-16,5.33966e-17
1827,1827,3156.65,3.23097e-16,5.2268e-17
1828,1828,3157.16,3.92464e-16,5.49906e-17
1829,1829,3157.67,3.65898e-16,5.46499e-17
1830,1830,3158.18,3.3495099999999997e-16,5.24924e-17
1831,1831,3158.69,2.7474199999999994e-16,4.8797e-17
1832,1832,3159.2,3.2343299999999996e-16,5.17014e-17
1833,1833,3159.71,2.93057e-16,5.11927e-17
1834,1834,3160.22,3.2735899999999994e-16,5.09036e-17
1835,1835,3160.74,3.68033e-16,5.47259e-17
1836,1836,3161.25,3.21781e-16,5.19113e-17
1837,1837,3161.76,3.1751700000000003e-16,5.07928e-17
1838,1838,3162.27,3.9214e-16,5.55363e-17
1839,1839,3162.78,2.6630199999999994e-16,4.86549e-17
1840,1840,3163.29,3.9250599999999997e-16,5.48291e-17
1841,1841,3163.8,3.2569999999999995e-16,5.21554e-17
1842,1842,3164.31,2.79131e-16,5.00453e-17
1843,1843,3164.82,3.734009999999999e-16,5.60524e-17
1844,1844,3165.33,3.52271e-16,5.41542e-17
1845,1845,3165.84,3.0196e-16,5.19509e-17
1846,1846,3166.35,3.883809999999999e-16,5.51761e-17
1847,1847,3166.86,3.2243299999999995e-16,5.28934e-17
1848,1848,3167.38,3.24141e-16,5.22826e-17
1849,1849,3167.89,3.81497e-16,5.49562e-17
1850,1850,3168.4,3.64313e-16,5.41052e-17
1851,1851,3168.91,3.2666599999999997e-16,5.17824e-17
1852,1852,3169.42,3.44692e-16,5.26132e-17
1853,1853,3169.93,3.92966e-16,5.47528e-17
1854,1854,3170.44,3.93788e-16,5.52285e-17
1855,1855,3170.95,2.9596399999999995e-16,5.08766e-17
1856,1856,3171.46,2.45078e-16,4.84307e-17
1857,1857,3171.97,2.9522200000000003e-16,5.09633e-17
1858,1858,3172.48,3.9058e-16,5.55596e-17
1859,1859,3172.99,2.22029e-16,4.75572e-17
1860,1860,3173.5,3.77136e-16,5.62212e-17
1861,1861,3174.01,2.6913199999999993e-16,4.99376e-17
1862,1862,3174.53,3.46409e-16,5.43393e-17
1863,1863,3175.04,3.3230999999999997e-16,5.20605e-17
1864,1864,3175.55,2.8234599999999997e-16,5.05608e-17
1865,1865,3176.06,2.45382e-16,4.8907e-17
1866,1866,3176.57,2.73162e-16,5.07309e-17
1867,1867,3177.08,3.3043599999999993e-16,5.39804e-17
1868,1868,3177.59,3.7699199999999997e-16,5.56996e-17
1869,1869,3178.1,3.50007e-16,5.43286e-17
1870,1870,3178.61,3.38174e-16,5.26733e-17
1871,1871,3179.12,3.1923599999999997e-16,5.13549e-17
1872,1872,3179.63,3.3732199999999996e-16,5.13345e-17
1873,1873,3180.14,3.27029e-16,5.19397e-17
1874,1874,3180.65,3.14564e-16,5.17993e-17
1875,1875,3181.17,3.1955599999999994e-16,5.21643e-17
1876,1876,3181.68,3.6983e-16,5.40507e-17
1877,1877,3182.19,2.7479899999999993e-16,4.96844e-17
1878,1878,3182.7,3.50083e-16,5.41262e-17
1879,1879,3183.21,4.1517e-16,5.62105e-17
1880,1880,3183.72,3.01876e-16,5.06998e-17
1881,1881,3184.23,3.1433600000000003e-16,5.13949e-17
1882,1882,3184.74,3.71591e-16,5.43219e-17
1883,1883,3185.25,3.0191299999999996e-16,5.10543e-17
1884,1884,3185.76,3.3501999999999997e-16,5.22621e-17
1885,1885,3186.27,3.32737e-16,5.21543e-17
1886,1886,3186.78,2.55764e-16,4.82421e-17
1887,1887,3187.3,2.94532e-16,4.95616e-17
1888,1888,3187.81,3.6078299999999997e-16,5.29756e-17
1889,1889,3188.32,2.85702e-16,5.01514e-17
1890,1890,3188.83,2.8628299999999994e-16,5.04031e-17
1891,1891,3189.34,3.3881e-16,5.21569e-17
1892,1892,3189.85,2.94393e-16,5.08946e-17
1893,1893,3190.36,3.69511e-16,5.49104e-17
1894,1894,3190.87,4.22829e-16,5.73596e-17
1895,1895,3191.38,3.94955e-16,5.60391e-17
1896,1896,3191.89,2.6479199999999995e-16,4.97807e-17
1897,1897,3192.4,4.3205399999999996e-16,5.81694e-17
1898,1898,3192.91,2.6885e-16,5.01411e-17
1899,1899,3193.43,2.8237e-16,4.97685e-17
1900,1900,3193.94,2.5604099999999993e-16,4.91705e-17
1901,1901,3194.45,3.84486e-16,5.40824e-17
1902,1902,3194.96,4.044289999999999e-16,5.51974e-17
1903,1903,3195.47,3.4093199999999994e-16,5.18079e-17
1904,1904,3195.98,2.9654299999999994e-16,4.97752e-17
1905,1905,3196.49,3.5713499999999994e-16,5.34992e-17
1906,1906,3197.0,3.1453e-16,5.1415e-17
1907,1907,3197.51,3.48347e-16,5.32299e-17
1908,1908,3198.02,3.3112499999999993e-16,5.28232e-17
1909,1909,3198.53,4.24474e-16,5.6982e-17
1910,1910,3199.04,4.2999899999999997e-16,5.79044e-17
1911,1911,3199.56,2.5898099999999994e-16,5.00083e-17
1912,1912,3200.07,3.03242e-16,5.17891e-17
1913,1913,3200.58,3.03994e-16,5.22396e-17
1914,1914,3201.09,3.29821e-16,5.33322e-17
1915,1915,3201.6,4.07528e-16,5.72208e-17
1916,1916,3202.11,3.4463599999999995e-16,5.37824e-17
1917,1917,3202.62,3.83016e-16,5.38229e-17
1918,1918,3203.13,3.70703e-16,5.34085e-17
1919,1919,3203.64,3.23568e-16,5.07668e-17
1920,1920,3204.15,2.8795499999999996e-16,4.92102e-17
1921,1921,3204.66,3.78172e-16,5.41459e-17
1922,1922,3205.18,3.01543e-16,5.10613e-17
1923,1923,3205.69,2.9407399999999993e-16,5.04067e-17
1924,1924,3206.2,3.51512e-16,5.32036e-17
1925,1925,3206.71,2.85235e-16,4.86268e-17
1926,1926,3207.22,3.6538199999999997e-16,5.28664e-17
1927,1927,3207.73,3.50771e-16,5.25363e-17
1928,1928,3208.24,4.179049999999999e-16,6.2916e-17
1929,1929,3208.75,3.46896e-16,5.67229e-17
1930,1930,3209.26,2.59663e-16,5.35725e-17
1931,1931,3209.77,3.2555799999999997e-16,5.65173e-17
1932,1932,3210.28,3.73101e-16,6.18322e-17
1933,1933,3210.79,2.71189e-16,5.65952e-17
1934,1934,3211.31,2.7499e-16,5.63363e-17
1935,1935,3211.82,3.9824e-16,6.27427e-17
1936,1936,3212.33,3.11907e-16,5.90897e-17
1937,1937,3212.84,3.0641399999999995e-16,5.85108e-17
1938,1938,3213.35,3.11197e-16,5.782e-17
1939,1939,3213.86,3.87105e-16,6.17586e-17
1940,1940,3214.37,3.883639999999999e-16,6.25485e-17
1941,1941,3214.88,3.75288e-16,6.2052e-17
1942,1942,3215.39,3.0840099999999996e-16,5.79067e-17
1943,1943,3215.9,2.80724e-16,5.64873e-17
1944,1944,3216.42,3.900979999999999e-16,6.25197e-17
1945,1945,3216.93,3.4532599999999996e-16,5.92255e-17
1946,1946,3217.44,4.03233e-16,6.26339e-17
1947,1947,3217.95,2.8636899999999994e-16,5.65875e-17
1948,1948,3218.46,3.2383999999999995e-16,5.19787e-17
1949,1949,3218.97,3.70403e-16,5.33893e-17
1950,1950,3219.48,3.49025e-16,5.27197e-17
1951,1951,3219.99,4.09393e-16,5.58771e-17
1952,1952,3220.5,3.73746e-16,5.33239e-17
1953,1953,3221.01,2.4646599999999997e-16,4.79934e-17
1954,1954,3221.52,3.5047099999999997e-16,5.25231e-17
1955,1955,3222.04,3.21982e-16,5.20005e-17
1956,1956,3222.55,3.04188e-16,5.05852e-17
1957,1957,3223.06,2.5674e-16,4.65649e-17
1958,1958,3223.57,3.91699e-16,5.51794e-17
1959,1959,3224.08,2.7490799999999993e-16,5.02927e-17
1960,1960,3224.59,3.44128e-16,5.38498e-17
1961,1961,3225.1,3.1186399999999997e-16,5.23386e-17
1962,1962,3225.61,3.64137e-16,5.43315e-17
1963,1963,3226.12,3.40181e-16,5.28683e-17
1964,1964,3226.63,3.3297399999999994e-16,5.20392e-17
1965,1965,3227.15,4.35968e-16,5.69488e-17
1966,1966,3227.66,4.2644499999999997e-16,5.61557e-17
1967,1967,3228.17,2.91084e-16,4.99526e-17
1968,1968,3228.68,3.62278e-16,5.26594e-17
1969,1969,3229.19,3.66987e-16,5.28724e-17
1970,1970,3229.7,3.5637e-16,5.32134e-17
1971,1971,3230.21,3.19469e-16,5.21983e-17
1972,1972,3230.72,3.00186e-16,5.1067e-17
1973,1973,3231.23,3.3127499999999994e-16,5.16167e-17
1974,1974,3231.74,3.52544e-16,5.3659e-17
1975,1975,3232.26,3.5128499999999995e-16,5.34077e-17
1976,1976,3232.77,3.02208e-16,5.01091e-17
1977,1977,3233.28,2.4387e-16,4.62102e-17
1978,1978,3233.79,3.05281e-16,5.03794e-17
1979,1979,3234.3,3.12037e-16,5.1058e-17
1980,1980,3234.81,3.13176e-16,4.97312e-17
1981,1981,3235.32,3.12203e-16,4.91719e-17
1982,1982,3235.83,3.26816e-16,5.2039e-17
1983,1983,3236.34,3.0796999999999995e-16,5.06642e-17
1984,1984,3236.85,3.70293e-16,5.34443e-17
1985,1985,3237.37,2.85091e-16,4.98904e-17
1986,1986,3237.88,3.41688e-16,5.31004e-17
1987,1987,3238.39,2.85511e-16,5.03724e-17
1988,1988,3238.9,3.7317e-16,5.39234e-17
1989,1989,3239.41,3.5783199999999997e-16,5.20309e-17
1990,1990,3239.92,3.54935e-16,5.28284e-17
1991,1991,3240.43,2.71082e-16,4.87521e-17
1992,1992,3240.94,2.8237999999999997e-16,4.94777e-17
1993,1993,3241.45,2.8719699999999996e-16,4.939e-17
1994,1994,3241.96,3.5855899999999994e-16,5.36221e-17
1995,1995,3242.48,3.0303e-16,4.94329e-17
1996,1996,3242.99,3.34006e-16,5.26926e-17
1997,1997,3243.5,2.90023e-16,4.94967e-17
1998,1998,3244.01,2.90604e-16,4.99491e-17
1999,1999,3244.52,3.2061299999999995e-16,5.08514e-17
2000,2000,3245.03,3.1538199999999994e-16,5.0998e-17
2001,2001,3245.54,3.5361599999999995e-16,5.18684e-17
2002,2002,3246.05,2.61097e-16,4.80413e-17
2003,2003,3246.56,2.6317199999999993e-16,4.93931e-17
2004,2004,3247.08,3.03834e-16,5.09684e-17
2005,2005,3247.59,3.5962299999999997e-16,5.40209e-17
2006,2006,3248.1,3.0435899999999996e-16,5.15815e-17
2007,2007,3248.61,4.31677e-16,5.63642e-17
2008,2008,3249.12,3.2337499999999995e-16,5.15408e-17
2009,2009,3249.63,3.5092799999999993e-16,5.23732e-17
2010,2010,3250.14,2.34163e-16,4.77845e-17
2011,2011,3250.65,2.7793499999999995e-16,5.02282e-17
2012,2012,3251.16,2.95944e-16,5.15453e-17
2013,2013,3251.68,4.49954e-16,5.81717e-17
2014,2014,3252.19,4.594459999999999e-16,5.83756e-17
2015,2015,3252.7,2.67155e-16,4.86265e-17
2016,2016,3253.21,2.48691e-16,4.69343e-17
2017,2017,3253.72,3.4454999999999995e-16,5.08707e-17
2018,2018,3254.23,2.92373e-16,4.94367e-17
2019,2019,3254.74,3.1747299999999996e-16,5.09119e-17
2020,2020,3255.25,2.7802799999999997e-16,5.36753e-17
2021,2021,3255.76,2.4483399999999995e-16,5.28927e-17
2022,2022,3256.27,3.49524e-16,5.80305e-17
2023,2023,3256.79,2.0387e-16,5.00292e-17
2024,2024,3257.3,2.81682e-16,5.50434e-17
2025,2025,3257.81,2.3791e-16,5.19359e-17
2026,2026,3258.32,3.28764e-16,5.79895e-17
2027,2027,3258.83,2.81143e-16,5.47364e-17
2028,2028,3259.34,3.68323e-16,5.9632e-17
2029,2029,3259.85,3.64408e-16,5.91452e-17
2030,2030,3260.36,3.26207e-16,5.81383e-17
2031,2031,3260.88,2.92142e-16,5.63991e-17
2032,2032,3261.39,2.8926299999999994e-16,5.59387e-17
2033,2033,3261.9,2.7396199999999995e-16,5.35192e-17
2034,2034,3262.41,2.9808899999999996e-16,5.60657e-17
2035,2035,3262.92,3.3607e-16,5.84596e-17
2036,2036,3263.43,2.92838e-16,6.40777e-17
2037,2037,3263.94,2.5851799999999997e-16,6.24172e-17
2038,2038,3264.45,2.8718599999999997e-16,6.4936e-17
2039,2039,3264.96,3.3648899999999995e-16,6.51218e-17
2040,2040,3265.48,3.6836e-16,5.99929e-17
2041,2041,3265.99,1.63942e-16,4.98588e-17
2042,2042,3266.5,2.41754e-16,5.4067e-17
2043,2043,3267.01,3.08161e-16,5.81846e-17
2044,2044,3267.52,2.95974e-16,5.58149e-17
2045,2045,3268.03,2.9425299999999995e-16,5.67314e-17
2046,2046,3268.54,2.54413e-16,5.40781e-17
2047,2047,3269.05,3.3878e-16,5.71089e-17
2048,2048,3269.56,2.87068e-16,6.36846e-17
2049,2049,3270.08,2.7982299999999993e-16,6.34676e-17
2050,2050,3270.59,3.98417e-16,7.05596e-17
2051,2051,3271.1,2.3189e-16,6.05624e-17
2052,2052,3271.61,2.94019e-16,7.97156e-17
2053,2053,3272.12,3.18921e-16,8.10032e-17
2054,2054,3272.63,4.01832e-16,8.62072e-17
2055,2055,3273.14,2.7977199999999994e-16,7.75066e-17
2056,2056,3273.65,2.61884e-16,7.50625e-17
2057,2057,3274.17,3.7743399999999997e-16,8.45857e-17
2058,2058,3274.68,1.4527999999999994e-16,6.53162e-17
2059,2059,3275.19,2.67527e-16,7.55957e-17
2060,2060,3275.7,3.5703e-16,1.1729e-16
2061,2061,3276.21,1.3936599999999994e-16,9.49043e-17
2062,2062,3276.72,3.1591199999999998e-16,1.13952e-16
2063,2063,3277.23,2.52473e-16,1.03507e-16
