Unnamed: 0.1,Unnamed: 0,Wavelength (Ang),Flux,Error
0,0,1573.07,6.49659e-16,2.65948e-16
1,1,1573.44,7.777989999999999e-16,2.82517e-16
2,2,1573.81,6.77333e-16,2.74695e-16
3,3,1574.17,1.075202e-15,3.13502e-16
4,4,1574.54,7.64515e-16,2.00821e-16
5,5,1574.91,9.94912e-16,2.16978e-16
6,6,1575.27,1.347572e-15,2.4015e-16
7,7,1575.64,9.59732e-16,2.17273e-16
8,8,1576.01,1.189962e-15,1.90268e-16
9,9,1576.37,9.03422e-16,1.75445e-16
10,10,1576.74,7.42619e-16,1.6561e-16
11,11,1577.11,1.055322e-15,1.81501e-16
12,12,1577.47,9.49982e-16,1.51023e-16
13,13,1577.84,1.211022e-15,1.62249e-16
14,14,1578.21,1.096792e-15,1.57061e-16
15,15,1578.57,1.045062e-15,1.55069e-16
16,16,1578.94,9.24542e-16,1.33513e-16
17,17,1579.31,8.038099999999999e-16,1.27592e-16
18,18,1579.67,7.343219999999999e-16,1.23266e-16
19,19,1580.04,1.207192e-15,1.42165e-16
20,20,1580.41,1.241312e-15,1.43548e-16
21,21,1580.77,1.216502e-15,1.43095e-16
22,22,1581.14,9.32832e-16,1.31856e-16
23,23,1581.51,9.77212e-16,1.33716e-16
24,24,1581.87,1.065212e-15,1.37288e-16
25,25,1582.24,1.197942e-15,1.42556e-16
26,26,1582.61,1.168922e-15,1.4168e-16
27,27,1582.97,1.204382e-15,1.43199e-16
28,28,1583.34,9.01452e-16,1.31452e-16
29,29,1583.71,1.066202e-15,1.38897e-16
30,30,1584.07,1.135312e-15,1.42546e-16
31,31,1584.44,1.202782e-15,1.45914e-16
32,32,1584.81,1.573742e-15,1.60107e-16
33,33,1585.17,1.209662e-15,1.46616e-16
34,34,1585.54,1.176752e-15,1.45407e-16
35,35,1585.91,1.079822e-15,1.41143e-16
36,36,1586.28,1.070232e-15,1.40061e-16
37,37,1586.64,1.411452e-15,1.52017e-16
38,38,1587.01,1.311742e-15,1.47662e-16
39,39,1587.38,1.205912e-15,1.4323e-16
40,40,1587.74,9.67972e-16,1.34088e-16
41,41,1588.11,1.198772e-15,1.43908e-16
42,42,1588.48,1.111102e-15,1.41334e-16
43,43,1588.84,1.113852e-15,1.41623e-16
44,44,1589.21,1.071512e-15,1.39314e-16
45,45,1589.58,9.50892e-16,1.33707e-16
46,46,1589.94,1.028992e-15,1.36131e-16
47,47,1590.31,1.201192e-15,1.42662e-16
48,48,1590.68,1.190602e-15,1.42269e-16
49,49,1591.04,1.175212e-15,1.42094e-16
50,50,1591.41,1.105432e-15,1.39859e-16
51,51,1591.78,7.11501e-16,1.23738e-16
52,52,1592.14,8.288519999999999e-16,1.29394e-16
53,53,1592.51,6.15375e-16,1.19736e-16
54,54,1592.88,6.30562e-16,1.19704e-16
55,55,1593.25,8.176819999999999e-16,1.27005e-16
56,56,1593.61,9.26902e-16,1.30756e-16
57,57,1593.98,1.006972e-15,1.33542e-16
58,58,1594.35,1.121032e-15,1.37753e-16
59,59,1594.71,1.121392e-15,1.37781e-16
60,60,1595.08,1.070212e-15,1.35937e-16
61,61,1595.45,8.361819999999999e-16,1.2656e-16
62,62,1595.81,9.69742e-16,1.32412e-16
63,63,1596.18,1.314112e-15,1.45662e-16
64,64,1596.55,1.140242e-15,1.38998e-16
65,65,1596.92,1.187622e-15,1.40391e-16
66,66,1597.28,9.50732e-16,1.30981e-16
67,67,1597.65,1.092292e-15,1.36773e-16
68,68,1598.02,1.042462e-15,1.35069e-16
69,69,1598.38,8.021089999999999e-16,1.24863e-16
70,70,1598.75,8.408319999999999e-16,1.26157e-16
71,71,1599.12,8.47772e-16,1.26138e-16
72,72,1599.48,7.60496e-16,1.22224e-16
73,73,1599.85,8.02377e-16,1.2396e-16
74,74,1600.22,8.85532e-16,1.27307e-16
75,75,1600.59,1.087362e-15,1.35444e-16
76,76,1600.95,9.24702e-16,1.28659e-16
77,77,1601.32,9.70802e-16,1.30035e-16
78,78,1601.69,8.82692e-16,1.26115e-16
79,79,1602.05,9.23882e-16,1.27747e-16
80,80,1602.42,7.570340000000003e-16,1.20781e-16
81,81,1602.79,9.73162e-16,1.29505e-16
82,82,1603.15,6.315019999999999e-16,1.1423e-16
83,83,1603.52,8.887719999999999e-16,1.25192e-16
84,84,1603.89,1.242212e-15,1.39112e-16
85,85,1604.26,1.184872e-15,1.37254e-16
86,86,1604.62,1.375532e-15,1.43896e-16
87,87,1604.99,1.174962e-15,1.36243e-16
88,88,1605.36,1.205972e-15,1.37406e-16
89,89,1605.72,1.039672e-15,1.31629e-16
90,90,1606.09,1.290202e-15,1.41839e-16
91,91,1606.46,1.215862e-15,1.39646e-16
92,92,1606.83,9.43792e-16,1.29119e-16
93,93,1607.19,9.64642e-16,1.29938e-16
94,94,1607.56,8.987519999999999e-16,1.27033e-16
95,95,1607.93,1.005032e-15,1.31417e-16
96,96,1608.29,1.061402e-15,1.33895e-16
97,97,1608.66,1.183652e-15,1.39002e-16
98,98,1609.03,9.35122e-16,1.28842e-16
99,99,1609.4,1.050172e-15,1.33378e-16
100,100,1609.76,1.152392e-15,1.37134e-16
101,101,1610.13,1.559232e-15,1.52286e-16
102,102,1610.5,1.128652e-15,1.36716e-16
103,103,1610.86,8.778519999999999e-16,1.26898e-16
104,104,1611.23,9.49102e-16,1.30386e-16
105,105,1611.6,1.031082e-15,1.34193e-16
106,106,1611.97,1.129072e-15,1.38844e-16
107,107,1612.33,1.060672e-15,1.36668e-16
108,108,1612.7,9.45452e-16,1.32353e-16
109,109,1613.07,1.305322e-15,1.46354e-16
110,110,1613.43,1.158242e-15,1.40431e-16
111,111,1613.8,9.86122e-16,1.32963e-16
112,112,1614.17,9.98502e-16,1.32789e-16
113,113,1614.54,9.50922e-16,1.30503e-16
114,114,1614.9,8.512019999999999e-16,1.26076e-16
115,115,1615.27,8.124309999999999e-16,1.24738e-16
116,116,1615.64,1.059872e-15,1.34993e-16
117,117,1616.0,9.87592e-16,1.32286e-16
118,118,1616.37,1.233962e-15,1.41871e-16
119,119,1616.74,9.40332e-16,1.30016e-16
120,120,1617.11,1.127032e-15,1.37076e-16
121,121,1617.47,8.95412e-16,1.2716e-16
122,122,1617.84,9.25252e-16,1.28244e-16
123,123,1618.21,1.107072e-15,1.35657e-16
124,124,1618.58,1.160952e-15,1.54248e-16
125,125,1618.94,1.068252e-15,1.50213e-16
126,126,1619.31,1.245352e-15,1.5724e-16
127,127,1619.68,1.055222e-15,1.48631e-16
128,128,1620.04,1.272312e-15,1.5751e-16
129,129,1620.41,1.025172e-15,1.46986e-16
130,130,1620.78,1.129302e-15,1.51498e-16
131,131,1621.15,1.276282e-15,1.57045e-16
132,132,1621.51,1.418972e-15,1.62023e-16
133,133,1621.88,1.045862e-15,1.45516e-16
134,134,1622.25,1.080482e-15,1.46749e-16
135,135,1622.62,1.047912e-15,1.44796e-16
136,136,1622.98,9.85502e-16,1.42098e-16
137,137,1623.35,9.97202e-16,1.42536e-16
138,138,1623.72,1.306612e-15,1.56025e-16
139,139,1624.08,1.315582e-15,1.56145e-16
140,140,1624.45,1.057022e-15,1.44888e-16
141,141,1624.82,1.397982e-15,1.58293e-16
142,142,1625.19,1.398712e-15,1.57607e-16
143,143,1625.55,1.199322e-15,1.48673e-16
144,144,1625.92,1.366482e-15,1.38744e-16
145,145,1626.29,1.121652e-15,1.29818e-16
146,146,1626.66,1.271022e-15,1.35463e-16
147,147,1627.02,1.131012e-15,1.30129e-16
148,148,1627.39,1.411522e-15,1.39574e-16
149,149,1627.76,1.146562e-15,1.29285e-16
150,150,1628.13,8.248819999999999e-16,1.15696e-16
151,151,1628.49,1.172902e-15,1.28431e-16
152,152,1628.86,1.107682e-15,1.26052e-16
153,153,1629.23,8.45142e-16,1.1659e-16
154,154,1629.6,1.018452e-15,1.24196e-16
155,155,1629.96,1.383762e-15,1.37606e-16
156,156,1630.33,1.293322e-15,1.33662e-16
157,157,1630.7,1.278182e-15,1.32286e-16
158,158,1631.06,1.315542e-15,1.33082e-16
159,159,1631.43,1.189552e-15,1.28324e-16
160,160,1631.8,1.021132e-15,1.22013e-16
161,161,1632.17,1.271392e-15,1.31136e-16
162,162,1632.53,1.121162e-15,1.25611e-16
163,163,1632.9,9.46942e-16,1.19149e-16
164,164,1633.27,1.025782e-15,1.22453e-16
165,165,1633.64,8.51642e-16,1.15864e-16
166,166,1634.0,9.04232e-16,1.17711e-16
167,167,1634.37,1.236622e-15,1.29479e-16
168,168,1634.74,1.029742e-15,1.21659e-16
169,169,1635.11,7.1049e-16,1.09196e-16
170,170,1635.47,8.708719999999999e-16,1.16632e-16
171,171,1635.84,1.013512e-15,1.22946e-16
172,172,1636.21,8.58152e-16,1.17213e-16
173,173,1636.58,1.017252e-15,1.23927e-16
174,174,1636.94,1.142552e-15,1.28714e-16
175,175,1637.31,1.333812e-15,1.35615e-16
176,176,1637.68,8.52402e-16,1.1722e-16
177,177,1638.05,1.180082e-15,1.29479e-16
178,178,1638.41,1.097222e-15,1.25983e-16
179,179,1638.78,1.060682e-15,1.24094e-16
180,180,1639.15,1.157302e-15,1.27298e-16
181,181,1639.52,9.74492e-16,1.20061e-16
182,182,1639.88,1.240742e-15,1.29757e-16
183,183,1640.25,9.69702e-16,1.19551e-16
184,184,1640.62,1.098012e-15,1.24329e-16
185,185,1640.99,1.178672e-15,1.27136e-16
186,186,1641.35,1.198062e-15,1.27884e-16
187,187,1641.72,1.051912e-15,1.22592e-16
188,188,1642.09,1.197082e-15,1.43448e-16
189,189,1642.46,1.5950820000000001e-15,1.58891e-16
190,190,1642.82,1.076992e-15,1.38224e-16
191,191,1643.19,9.24632e-16,1.31552e-16
192,192,1643.56,1.006682e-15,1.35177e-16
193,193,1643.93,1.096632e-15,1.39563e-16
194,194,1644.29,9.76672e-16,1.35058e-16
195,195,1644.66,1.254052e-15,1.47062e-16
196,196,1645.03,1.209462e-15,1.68209e-16
197,197,1645.4,1.264092e-15,1.71265e-16
198,198,1645.77,9.15712e-16,1.54365e-16
199,199,1646.13,8.30122e-16,1.49314e-16
200,200,1646.5,9.42052e-16,1.53866e-16
201,201,1646.87,7.773739999999999e-16,1.4444e-16
202,202,1647.24,6.9786e-16,1.39887e-16
203,203,1647.6,8.24792e-16,1.4703e-16
204,204,1647.97,8.78502e-16,1.50471e-16
205,205,1648.34,1.197492e-15,1.66691e-16
206,206,1648.71,8.22152e-16,1.48071e-16
207,207,1649.07,1.340372e-15,1.72321e-16
208,208,1649.44,1.222052e-15,1.43702e-16
209,209,1649.81,9.34292e-16,1.30846e-16
210,210,1650.18,7.714239999999999e-16,1.23285e-16
211,211,1650.54,8.96392e-16,1.28894e-16
212,212,1650.91,1.056432e-15,1.35812e-16
213,213,1651.28,8.30712e-16,1.26152e-16
214,214,1651.65,1.026572e-15,1.34837e-16
215,215,1652.01,7.99734e-16,1.24992e-16
216,216,1652.38,9.51602e-16,1.18041e-16
217,217,1652.75,8.609619999999999e-16,1.14538e-16
218,218,1653.12,1.057952e-15,1.22417e-16
219,219,1653.49,1.003102e-15,1.20358e-16
220,220,1653.85,1.096872e-15,1.38617e-16
221,221,1654.22,7.2837e-16,1.22393e-16
222,222,1654.59,6.24317e-16,1.17367e-16
223,223,1654.96,8.848119999999999e-16,1.29141e-16
224,224,1655.32,9.00762e-16,1.29314e-16
225,225,1655.69,1.067652e-15,1.36178e-16
226,226,1656.06,1.096502e-15,1.37024e-16
227,227,1656.43,1.004662e-15,1.33085e-16
228,228,1656.79,9.33892e-16,1.29828e-16
229,229,1657.16,1.143302e-15,1.3902e-16
230,230,1657.53,1.063492e-15,1.35691e-16
231,231,1657.9,9.94822e-16,1.32741e-16
232,232,1658.27,1.259812e-15,1.4318e-16
233,233,1658.63,1.491092e-15,1.51711e-16
234,234,1659.0,1.361182e-15,1.46461e-16
235,235,1659.37,1.036432e-15,1.33465e-16
236,236,1659.74,1.220992e-15,1.40638e-16
237,237,1660.1,7.940919999999999e-16,1.22294e-16
238,238,1660.47,1.127092e-15,1.35855e-16
239,239,1660.84,9.68922e-16,1.29005e-16
240,240,1661.21,9.78722e-16,1.15545e-16
241,241,1661.58,1.016042e-15,1.17082e-16
242,242,1661.94,1.079242e-15,1.19019e-16
243,243,1662.31,8.358019999999999e-16,1.092e-16
244,244,1662.68,7.69993e-16,1.06186e-16
245,245,1663.05,7.76999e-16,1.06958e-16
246,246,1663.41,9.27722e-16,1.14219e-16
247,247,1663.78,9.93652e-16,1.18088e-16
248,248,1664.15,1.112062e-15,1.23115e-16
249,249,1664.52,1.068812e-15,1.21093e-16
250,250,1664.89,9.31532e-16,1.15155e-16
251,251,1665.25,9.53092e-16,1.15652e-16
252,252,1665.62,1.122082e-15,1.22479e-16
253,253,1665.99,1.163542e-15,1.24802e-16
254,254,1666.36,1.202302e-15,1.26839e-16
255,255,1666.72,1.213572e-15,1.27356e-16
256,256,1667.09,1.251082e-15,1.28741e-16
257,257,1667.46,1.042462e-15,1.20651e-16
258,258,1667.83,1.137382e-15,1.23879e-16
259,259,1668.2,1.109682e-15,1.22303e-16
260,260,1668.56,9.02242e-16,1.14376e-16
261,261,1668.93,8.52942e-16,1.1212e-16
262,262,1669.3,7.613060000000003e-16,1.08237e-16
263,263,1669.67,8.746619999999999e-16,1.12628e-16
264,264,1670.03,6.32749e-16,1.02491e-16
265,265,1670.4,6.124969999999999e-16,1.01395e-16
266,266,1670.77,6.53778e-16,1.02935e-16
267,267,1671.14,1.024072e-15,1.17714e-16
268,268,1671.51,8.246519999999999e-16,1.10223e-16
269,269,1671.87,8.722120000000003e-16,1.12927e-16
270,270,1672.24,1.229782e-15,1.26757e-16
271,271,1672.61,8.879819999999999e-16,1.13993e-16
272,272,1672.98,9.97702e-16,1.17787e-16
273,273,1673.35,1.011222e-15,1.18028e-16
274,274,1673.71,8.33682e-16,1.1117e-16
275,275,1674.08,9.32642e-16,1.15118e-16
276,276,1674.45,7.778420000000003e-16,1.08729e-16
277,277,1674.82,1.017262e-15,1.17524e-16
278,278,1675.18,8.48762e-16,1.10368e-16
279,279,1675.55,9.92102e-16,1.15577e-16
280,280,1675.92,8.195419999999999e-16,1.08988e-16
281,281,1676.29,9.02552e-16,1.12545e-16
282,282,1676.66,1.073482e-15,1.19266e-16
283,283,1677.02,9.49932e-16,1.14587e-16
284,284,1677.39,9.16912e-16,1.13445e-16
285,285,1677.76,9.08472e-16,1.13135e-16
286,286,1678.13,9.38742e-16,1.14545e-16
287,287,1678.5,1.365632e-15,1.30103e-16
288,288,1678.86,9.74842e-16,1.16514e-16
289,289,1679.23,1.099632e-15,1.21706e-16
290,290,1679.6,1.040722e-15,1.19743e-16
291,291,1679.97,1.157532e-15,1.2404e-16
292,292,1680.34,9.34132e-16,1.28605e-16
293,293,1680.7,8.68052e-16,1.24933e-16
294,294,1681.07,7.692879999999999e-16,1.19652e-16
295,295,1681.44,7.83272e-16,1.19667e-16
296,296,1681.81,8.39502e-16,1.21527e-16
297,297,1682.18,5.52055e-16,1.07288e-16
298,298,1682.54,4.1984799999999997e-16,9.99895e-17
299,299,1682.91,9.12372e-16,1.23041e-16
300,300,1683.28,8.25932e-16,1.19112e-16
301,301,1683.65,6.77245e-16,1.12213e-16
302,302,1684.02,8.93742e-16,1.21657e-16
303,303,1684.38,8.72542e-16,1.20715e-16
304,304,1684.75,8.076530000000003e-16,1.17701e-16
305,305,1685.12,8.30062e-16,1.18043e-16
306,306,1685.49,8.849719999999999e-16,1.19929e-16
307,307,1685.86,7.47122e-16,1.13524e-16
308,308,1686.22,6.68273e-16,1.10144e-16
309,309,1686.59,6.33969e-16,1.09102e-16
310,310,1686.96,6.74274e-16,1.11766e-16
311,311,1687.33,6.91678e-16,1.13145e-16
312,312,1687.7,5.9883e-16,9.72297e-17
313,313,1688.06,8.329519999999999e-16,1.0679e-16
314,314,1688.43,9.43062e-16,1.1109e-16
315,315,1688.8,8.54662e-16,1.07948e-16
316,316,1689.17,8.81062e-16,1.0904e-16
317,317,1689.54,8.807719999999999e-16,1.09005e-16
318,318,1689.9,7.54469e-16,1.04013e-16
319,319,1690.27,1.008162e-15,1.13868e-16
320,320,1690.64,8.110860000000003e-16,1.06111e-16
321,321,1691.01,9.17672e-16,1.10078e-16
322,322,1691.38,9.82432e-16,1.12374e-16
323,323,1691.74,1.252112e-15,1.22517e-16
324,324,1692.11,1.098422e-15,1.17467e-16
325,325,1692.48,9.45462e-16,1.12304e-16
326,326,1692.85,1.173792e-15,1.2055e-16
327,327,1693.22,1.002762e-15,1.14306e-16
328,328,1693.58,1.290342e-15,1.24454e-16
329,329,1693.95,1.055322e-15,1.15838e-16
330,330,1694.32,1.125452e-15,1.18037e-16
331,331,1694.69,8.72242e-16,1.08061e-16
332,332,1695.06,1.079892e-15,1.15735e-16
333,333,1695.42,1.014412e-15,1.1342e-16
334,334,1695.79,8.727419999999999e-16,1.08632e-16
335,335,1696.16,9.28822e-16,1.1112e-16
336,336,1696.53,7.722409999999999e-16,1.04695e-16
337,337,1696.9,9.84072e-16,1.1197e-16
338,338,1697.26,7.76758e-16,1.02908e-16
339,339,1697.63,8.270820000000003e-16,1.03919e-16
340,340,1698.0,9.09462e-16,1.06685e-16
341,341,1698.37,8.28282e-16,1.0352e-16
342,342,1698.74,8.66412e-16,1.05358e-16
343,343,1699.11,6.338669999999999e-16,9.61341e-17
344,344,1699.47,7.65399e-16,1.01663e-16
345,345,1699.84,6.931329999999999e-16,9.87789e-17
346,346,1700.21,6.88381e-16,9.88196e-17
347,347,1700.58,7.389499999999999e-16,1.00998e-16
348,348,1700.95,7.1896e-16,1.00496e-16
349,349,1701.31,7.2249e-16,1.00883e-16
350,350,1701.68,8.48532e-16,1.06068e-16
351,351,1702.05,9.87422e-16,1.11262e-16
352,352,1702.42,1.085912e-15,1.14829e-16
353,353,1702.79,1.092762e-15,1.14994e-16
354,354,1703.15,1.064362e-15,1.13765e-16
355,355,1703.52,1.040302e-15,1.12465e-16
356,356,1703.89,7.73313e-16,1.01907e-16
357,357,1704.26,7.237589999999999e-16,9.9844e-17
358,358,1704.63,8.863020000000003e-16,1.06274e-16
359,359,1705.0,8.74142e-16,1.06054e-16
360,360,1705.36,1.162292e-15,1.16771e-16
361,361,1705.73,8.97952e-16,1.07417e-16
362,362,1706.1,7.85061e-16,1.03127e-16
363,363,1706.47,8.90752e-16,1.07192e-16
364,364,1706.84,9.55352e-16,1.091e-16
365,365,1707.2,1.036942e-15,1.12114e-16
366,366,1707.57,1.076502e-15,1.13479e-16
367,367,1707.94,1.031402e-15,1.12506e-16
368,368,1708.31,9.71192e-16,1.1012e-16
369,369,1708.68,9.57352e-16,1.0927e-16
370,370,1709.05,8.42732e-16,1.04351e-16
371,371,1709.41,7.516830000000003e-16,1.00605e-16
372,372,1709.78,8.47002e-16,1.0427e-16
373,373,1710.15,9.22002e-16,1.06805e-16
374,374,1710.52,1.072132e-15,1.11762e-16
375,375,1710.89,9.36152e-16,1.06754e-16
376,376,1711.25,1.033042e-15,1.10389e-16
377,377,1711.62,1.069292e-15,1.11923e-16
378,378,1711.99,9.62242e-16,1.0784e-16
379,379,1712.36,9.10262e-16,1.05647e-16
380,380,1712.73,1.099502e-15,1.12067e-16
381,381,1713.1,1.117542e-15,1.1241e-16
382,382,1713.46,9.12872e-16,1.04963e-16
383,383,1713.83,9.38452e-16,1.06031e-16
384,384,1714.2,8.163719999999999e-16,1.01615e-16
385,385,1714.57,8.64262e-16,1.03494e-16
386,386,1714.94,1.114112e-15,1.12907e-16
387,387,1715.3,7.81271e-16,1.01018e-16
388,388,1715.67,7.66639e-16,1.01049e-16
389,389,1716.04,6.385069999999999e-16,9.58348e-17
390,390,1716.41,8.518520000000003e-16,1.04182e-16
391,391,1716.78,6.308819999999999e-16,9.49379e-17
392,392,1717.15,7.070959999999999e-16,9.78484e-17
393,393,1717.51,6.34823e-16,9.47974e-17
394,394,1717.88,8.515420000000003e-16,1.03156e-16
395,395,1718.25,9.97112e-16,1.08345e-16
396,396,1718.62,7.80316e-16,9.98606e-17
397,397,1718.99,1.024852e-15,1.08717e-16
398,398,1719.36,9.36352e-16,1.05329e-16
399,399,1719.72,1.056072e-15,1.09417e-16
400,400,1720.09,9.31922e-16,1.04906e-16
401,401,1720.46,9.20732e-16,1.0429e-16
402,402,1720.83,8.95822e-16,1.03256e-16
403,403,1721.2,9.35372e-16,1.04345e-16
404,404,1721.56,9.98852e-16,1.18795e-16
405,405,1721.93,8.12841e-16,1.10719e-16
406,406,1722.3,1.198262e-15,1.26004e-16
407,407,1722.67,8.84282e-16,1.14068e-16
408,408,1723.04,8.85692e-16,1.14836e-16
409,409,1723.41,9.58242e-16,1.18165e-16
410,410,1723.77,1.162452e-15,1.26324e-16
411,411,1724.14,1.145612e-15,1.25274e-16
412,412,1724.51,8.45602e-16,1.13014e-16
413,413,1724.88,1.013302e-15,1.19635e-16
414,414,1725.25,7.81698e-16,1.09808e-16
415,415,1725.62,9.52862e-16,1.16404e-16
416,416,1725.98,5.03363e-16,9.58816e-17
417,417,1726.35,5.0799299999999995e-16,9.56812e-17
418,418,1726.72,1.48427e-16,7.65382e-17
419,419,1727.09,3.5677499999999996e-16,8.8727e-17
420,420,1727.46,7.158929999999999e-16,1.06247e-16
421,421,1727.83,7.76941e-16,1.0858e-16
422,422,1728.19,8.51572e-16,1.11122e-16
423,423,1728.56,7.313110000000003e-16,1.05997e-16
424,424,1728.93,9.53902e-16,1.03458e-16
425,425,1729.3,7.51887e-16,9.68056e-17
426,426,1729.67,9.19602e-16,1.03655e-16
427,427,1730.04,7.249509999999999e-16,9.64618e-17
428,428,1730.4,7.502979999999999e-16,9.71183e-17
429,429,1730.77,8.093419999999999e-16,9.8824e-17
430,430,1731.14,8.10315e-16,9.84582e-17
431,431,1731.51,6.60828e-16,9.21e-17
432,432,1731.88,1.075652e-15,1.07105e-16
433,433,1732.25,1.003392e-15,1.04275e-16
434,434,1732.61,9.76822e-16,1.03482e-16
435,435,1732.98,1.077272e-15,1.07234e-16
436,436,1733.35,9.90662e-16,1.04312e-16
437,437,1733.72,1.042022e-15,1.06093e-16
438,438,1734.09,9.25752e-16,1.0207e-16
439,439,1734.46,8.074839999999999e-16,9.76952e-17
440,440,1734.82,5.525929999999999e-16,8.72636e-17
441,441,1735.19,5.60738e-16,8.71092e-17
442,442,1735.56,8.270619999999999e-16,9.7399e-17
443,443,1735.93,6.87302e-16,9.19297e-17
444,444,1736.3,1.096242e-15,1.06972e-16
445,445,1736.67,8.50792e-16,9.83821e-17
446,446,1737.03,1.001782e-15,1.04094e-16
447,447,1737.4,1.022602e-15,1.05143e-16
448,448,1737.77,1.049082e-15,1.06289e-16
449,449,1738.14,1.113082e-15,1.0873e-16
450,450,1738.51,1.199912e-15,1.11899e-16
451,451,1738.88,1.014202e-15,1.05954e-16
452,452,1739.24,7.895109999999999e-16,9.81551e-17
453,453,1739.61,7.723879999999999e-16,9.78413e-17
454,454,1739.98,9.75762e-16,1.05762e-16
455,455,1740.35,8.777820000000003e-16,1.02235e-16
456,456,1740.72,8.15152e-16,9.97718e-17
457,457,1741.09,8.30592e-16,9.9907e-17
458,458,1741.46,4.71886e-16,8.49959e-17
459,459,1741.82,4.913129999999999e-16,8.55848e-17
460,460,1742.19,6.49263e-16,9.22701e-17
461,461,1742.56,5.123959999999999e-16,8.63805e-17
462,462,1742.93,6.814079999999999e-16,9.37051e-17
463,463,1743.3,9.62712e-16,1.04545e-16
464,464,1743.67,9.12162e-16,1.02831e-16
465,465,1744.03,7.23306e-16,9.51493e-17
466,466,1744.4,1.035082e-15,1.06173e-16
467,467,1744.77,8.433919999999999e-16,9.88888e-17
468,468,1745.14,7.138330000000003e-16,9.41466e-17
469,469,1745.51,8.10178e-16,9.83107e-17
470,470,1745.88,7.2607e-16,9.54211e-17
471,471,1746.24,6.99423e-16,9.4592e-17
472,472,1746.61,9.08422e-16,1.02454e-16
473,473,1746.98,9.54282e-16,1.03747e-16
474,474,1747.35,7.536259999999999e-16,9.53847e-17
475,475,1747.72,4.40972e-16,8.15422e-17
476,476,1748.09,4.67167e-16,8.18693e-17
477,477,1748.46,4.929029999999999e-16,8.27551e-17
478,478,1748.82,6.01038e-16,8.73724e-17
479,479,1749.19,5.58776e-16,8.61951e-17
480,480,1749.56,9.34002e-16,1.01081e-16
481,481,1749.93,8.40032e-16,9.80923e-17
482,482,1750.3,8.788519999999999e-16,9.96544e-17
483,483,1750.67,7.93159e-16,9.65853e-17
484,484,1751.03,7.293590000000003e-16,9.42721e-17
485,485,1751.4,6.495e-16,9.11742e-17
486,486,1751.77,7.72864e-16,9.59084e-17
487,487,1752.14,7.754549999999999e-16,9.57122e-17
488,488,1752.51,8.489719999999999e-16,9.80759e-17
489,489,1752.88,5.96876e-16,8.78858e-17
490,490,1753.24,7.360089999999999e-16,9.30921e-17
491,491,1753.61,9.47452e-16,1.00703e-16
492,492,1753.98,8.76802e-16,9.82083e-17
493,493,1754.35,8.887719999999999e-16,9.85107e-17
494,494,1754.72,7.14807e-16,9.18263e-17
495,495,1755.09,7.782579999999999e-16,9.37876e-17
496,496,1755.46,8.01585e-16,9.4371e-17
497,497,1755.82,8.621219999999999e-16,9.64438e-17
498,498,1756.19,9.26072e-16,9.8783e-17
499,499,1756.56,9.05512e-16,9.80739e-17
500,500,1756.93,1.030112e-15,1.02345e-16
501,501,1757.3,8.40422e-16,9.5603e-17
502,502,1757.67,7.96899e-16,9.43172e-17
503,503,1758.04,9.45362e-16,1.00106e-16
504,504,1758.4,8.82612e-16,9.79161e-17
505,505,1758.77,9.14082e-16,9.88293e-17
506,506,1759.14,8.67112e-16,9.64894e-17
507,507,1759.51,8.30652e-16,9.46771e-17
508,508,1759.88,9.55082e-16,9.83914e-17
509,509,1760.25,9.02992e-16,9.63392e-17
510,510,1760.61,1.022072e-15,1.00616e-16
511,511,1760.98,9.35792e-16,9.81361e-17
512,512,1761.35,8.115699999999999e-16,9.40616e-17
513,513,1761.72,1.012002e-15,1.01136e-16
514,514,1762.09,8.967419999999999e-16,9.68727e-17
515,515,1762.46,1.040992e-15,1.01502e-16
516,516,1762.83,1.064622e-15,1.01782e-16
517,517,1763.19,1.165802e-15,1.04758e-16
518,518,1763.56,1.018202e-15,9.99406e-17
519,519,1763.93,9.54642e-16,9.83271e-17
520,520,1764.3,9.45492e-16,9.86005e-17
521,521,1764.67,8.80192e-16,9.64924e-17
522,522,1765.04,7.342889999999999e-16,9.10847e-17
523,523,1765.41,5.6985e-16,8.47402e-17
524,524,1765.77,5.44729e-16,8.38993e-17
525,525,1766.14,5.397959999999999e-16,8.38424e-17
526,526,1766.51,5.427519999999999e-16,8.36658e-17
527,527,1766.88,6.704069999999999e-16,8.85134e-17
528,528,1767.25,7.418899999999999e-16,9.13979e-17
529,529,1767.62,7.1738e-16,9.10977e-17
530,530,1767.98,7.36854e-16,9.21773e-17
531,531,1768.35,7.738719999999999e-16,9.36835e-17
532,532,1768.72,6.569369999999999e-16,8.89124e-17
533,533,1769.09,7.15945e-16,9.13826e-17
534,534,1769.46,6.12189e-16,8.74329e-17
535,535,1769.83,3.43784e-16,7.58703e-17
536,536,1770.2,4.31366e-16,8.00603e-17
537,537,1770.56,3.4915399999999993e-16,7.66329e-17
538,538,1770.93,5.44588e-16,8.54156e-17
539,539,1771.3,6.0798e-16,8.7947e-17
540,540,1771.67,6.14901e-16,8.77127e-17
541,541,1772.04,7.26439e-16,9.19796e-17
542,542,1772.41,6.6950099999999995e-16,8.97427e-17
543,543,1772.78,8.19112e-16,9.59204e-17
544,544,1773.14,9.60812e-16,1.01756e-16
545,545,1773.51,9.05412e-16,1.00712e-16
546,546,1773.88,1.129892e-15,1.08789e-16
547,547,1774.25,8.050729999999999e-16,9.66887e-17
548,548,1774.62,8.269719999999999e-16,9.62421e-17
549,549,1774.99,7.53115e-16,9.24501e-17
550,550,1775.36,6.599579999999999e-16,8.82632e-17
551,551,1775.72,5.69002e-16,8.4563e-17
552,552,1776.09,6.56537e-16,8.83545e-17
553,553,1776.46,6.50785e-16,8.82055e-17
554,554,1776.83,7.99071e-16,9.35746e-17
555,555,1777.2,6.67656e-16,8.81545e-17
556,556,1777.57,7.290959999999999e-16,9.04835e-17
557,557,1777.94,8.268919999999999e-16,9.45956e-17
558,558,1778.3,7.24279e-16,9.12799e-17
559,559,1778.67,8.23772e-16,9.50959e-17
560,560,1779.04,7.996649999999999e-16,9.40223e-17
561,561,1779.41,8.505219999999999e-16,9.56062e-17
562,562,1779.78,8.21372e-16,9.44626e-17
563,563,1780.15,9.33832e-16,9.85737e-17
564,564,1780.52,7.87577e-16,9.32643e-17
565,565,1780.88,7.78973e-16,9.28438e-17
566,566,1781.25,1.124502e-15,1.04882e-16
567,567,1781.62,9.54352e-16,9.89076e-17
568,568,1781.99,9.13742e-16,9.75229e-17
569,569,1782.36,1.169362e-15,1.06179e-16
570,570,1782.73,9.26082e-16,9.78763e-17
571,571,1783.1,8.831919999999999e-16,9.62723e-17
572,572,1783.46,8.776119999999999e-16,9.57668e-17
573,573,1783.83,1.045982e-15,1.01458e-16
574,574,1784.2,8.62412e-16,9.47621e-17
575,575,1784.57,9.89882e-16,9.94779e-17
576,576,1784.94,8.236720000000003e-16,1.05377e-16
577,577,1785.31,9.09722e-16,1.09867e-16
578,578,1785.68,1.032122e-15,1.15612e-16
579,579,1786.04,9.38452e-16,1.12205e-16
580,580,1786.41,7.34119e-16,1.03841e-16
581,581,1786.78,6.1858e-16,9.88054e-17
582,582,1787.15,7.999389999999999e-16,1.06842e-16
583,583,1787.52,9.15042e-16,1.11467e-16
584,584,1787.89,1.099102e-15,1.17917e-16
585,585,1788.26,7.07948e-16,1.01485e-16
586,586,1788.62,7.693550000000003e-16,1.03515e-16
587,587,1788.99,1.067672e-15,1.15497e-16
588,588,1789.36,8.61942e-16,1.07674e-16
589,589,1789.73,9.91672e-16,1.13233e-16
590,590,1790.1,7.12658e-16,1.02007e-16
591,591,1790.47,7.921270000000003e-16,1.05385e-16
592,592,1790.84,7.294989999999999e-16,1.02671e-16
593,593,1791.2,6.53691e-16,9.89761e-17
594,594,1791.57,6.831419999999999e-16,9.98668e-17
595,595,1791.94,5.02453e-16,9.1106e-17
596,596,1792.31,5.70492e-16,8.4122e-17
597,597,1792.68,6.612959999999999e-16,8.78387e-17
598,598,1793.05,6.853699999999999e-16,8.89907e-17
599,599,1793.42,7.23198e-16,9.0645e-17
600,600,1793.78,7.11076e-16,9.02875e-17
601,601,1794.15,7.17756e-16,9.0525e-17
602,602,1794.52,8.74952e-16,9.65991e-17
603,603,1794.89,7.80595e-16,9.33278e-17
604,604,1795.26,8.171419999999999e-16,9.47738e-17
605,605,1795.63,7.478979999999999e-16,9.18067e-17
606,606,1796.0,6.601e-16,8.8142e-17
607,607,1796.36,4.86101e-16,8.09672e-17
608,608,1796.73,6.15455e-16,8.66307e-17
609,609,1797.1,3.86355e-16,7.6958e-17
610,610,1797.47,5.69924e-16,8.50097e-17
611,611,1797.84,7.775090000000003e-16,9.30131e-17
612,612,1798.21,7.26942e-16,9.09906e-17
613,613,1798.58,8.97222e-16,9.70746e-17
614,614,1798.95,8.06628e-16,9.33627e-17
615,615,1799.31,8.264519999999999e-16,9.36552e-17
616,616,1799.68,9.57692e-16,9.80422e-17
617,617,1800.05,8.94562e-16,9.53663e-17
618,618,1800.42,7.240349999999999e-16,8.86223e-17
619,619,1800.79,7.72922e-16,8.98017e-17
620,620,1801.16,8.40822e-16,9.20037e-17
621,621,1801.53,6.353429999999999e-16,8.42456e-17
622,622,1801.89,8.517419999999999e-16,9.22702e-17
623,623,1802.26,7.70846e-16,8.95999e-17
624,624,1802.63,6.41782e-16,8.49007e-17
625,625,1803.0,6.64062e-16,8.6332e-17
626,626,1803.37,5.486839999999999e-16,8.21005e-17
627,627,1803.74,7.14654e-16,8.89009e-17
628,628,1804.11,9.26032e-16,9.66869e-17
629,629,1804.47,8.6424200000000015e-16,9.44532e-17
630,630,1804.84,9.03202e-16,9.61071e-17
631,631,1805.21,1.050472e-15,1.01394e-16
632,632,1805.58,9.32262e-16,9.75779e-17
633,633,1805.95,9.10682e-16,9.71274e-17
634,634,1806.32,7.401439999999999e-16,9.14056e-17
635,635,1806.69,9.25682e-16,9.8453e-17
636,636,1807.06,8.015210000000003e-16,9.36348e-17
637,637,1807.42,7.494709999999999e-16,9.10652e-17
638,638,1807.79,6.662959999999999e-16,8.73899e-17
639,639,1808.16,8.565720000000003e-16,9.44826e-17
640,640,1808.53,9.21302e-16,9.69641e-17
641,641,1808.9,9.82412e-16,9.94179e-17
642,642,1809.27,1.067612e-15,1.0212e-16
643,643,1809.64,9.51052e-16,9.74281e-17
644,644,1810.0,9.08442e-16,9.51302e-17
645,645,1810.37,1.042902e-15,9.91477e-17
646,646,1810.74,8.581919999999999e-16,9.28044e-17
647,647,1811.11,9.22312e-16,9.49573e-17
648,648,1811.48,9.31522e-16,9.50738e-17
649,649,1811.85,9.29482e-16,9.42423e-17
650,650,1812.22,6.611409999999999e-16,8.35738e-17
651,651,1812.58,5.00707e-16,7.66842e-17
652,652,1812.95,4.04137e-16,7.24441e-17
653,653,1813.32,4.57513e-16,7.49533e-17
654,654,1813.69,5.04224e-16,7.70718e-17
655,655,1814.06,6.832459999999999e-16,8.45824e-17
656,656,1814.43,8.632819999999999e-16,9.15176e-17
657,657,1814.8,7.49669e-16,8.79274e-17
658,658,1815.17,9.09652e-16,9.35255e-17
659,659,1815.53,8.8158200000000025e-16,9.24356e-17
660,660,1815.9,7.83924e-16,8.89174e-17
661,661,1816.27,6.7189e-16,8.50107e-17
662,662,1816.64,6.92522e-16,8.66524e-17
663,663,1817.01,8.68382e-16,9.36849e-17
664,664,1817.38,9.66162e-16,9.76587e-17
665,665,1817.75,9.02082e-16,9.52412e-17
666,666,1818.11,8.51802e-16,9.32733e-17
667,667,1818.48,9.57792e-16,9.69442e-17
668,668,1818.85,1.006692e-15,9.87173e-17
669,669,1819.22,8.19602e-16,9.21771e-17
670,670,1819.59,8.50702e-16,9.2809e-17
671,671,1819.96,8.416919999999999e-16,9.20008e-17
672,672,1820.33,5.355299999999999e-16,8.00743e-17
673,673,1820.7,6.38135e-16,8.40221e-17
674,674,1821.06,5.345309999999999e-16,7.9504e-17
675,675,1821.43,4.74246e-16,7.63853e-17
676,676,1821.8,4.9941e-16,7.69428e-17
677,677,1822.17,4.65432e-16,7.53608e-17
678,678,1822.54,7.21077e-16,8.52072e-17
679,679,1822.91,7.568179999999999e-16,8.64032e-17
680,680,1823.28,7.12935e-16,8.47972e-17
681,681,1823.64,7.885210000000003e-16,8.75611e-17
682,682,1824.01,9.64412e-16,9.39579e-17
683,683,1824.38,7.853630000000003e-16,8.83074e-17
684,684,1824.75,9.76612e-16,9.58869e-17
685,685,1825.12,9.20542e-16,9.47521e-17
686,686,1825.49,9.00362e-16,9.43666e-17
687,687,1825.86,9.59072e-16,9.63589e-17
688,688,1826.22,9.73392e-16,9.69019e-17
689,689,1826.59,9.09462e-16,9.4469e-17
690,690,1826.96,7.77667e-16,8.97563e-17
691,691,1827.33,8.401319999999999e-16,9.18335e-17
692,692,1827.7,9.71162e-16,9.63854e-17
693,693,1828.07,9.66502e-16,9.63195e-17
694,694,1828.44,8.725019999999999e-16,9.2954e-17
695,695,1828.81,1.050712e-15,9.90883e-17
696,696,1829.17,8.97712e-16,9.37832e-17
697,697,1829.54,8.249019999999999e-16,9.11654e-17
698,698,1829.91,1.085312e-15,9.9704e-17
699,699,1830.28,7.9752e-16,8.93924e-17
700,700,1830.65,8.188519999999999e-16,8.9571e-17
701,701,1831.02,8.120620000000003e-16,8.89644e-17
702,702,1831.39,8.107309999999999e-16,8.88445e-17
703,703,1831.75,6.51014e-16,8.32665e-17
704,704,1832.12,7.04572e-16,8.58163e-17
705,705,1832.49,7.90758e-16,8.91236e-17
706,706,1832.86,4.86987e-16,7.73304e-17
707,707,1833.23,5.84055e-16,8.08677e-17
708,708,1833.6,3.74734e-16,7.17466e-17
709,709,1833.97,4.76123e-16,7.56139e-17
710,710,1834.34,4.23343e-16,7.31968e-17
711,711,1834.7,4.479109999999999e-16,7.42008e-17
712,712,1835.07,4.30627e-16,7.35827e-17
713,713,1835.44,5.70637e-16,7.94487e-17
714,714,1835.81,5.57367e-16,7.88752e-17
715,715,1836.18,4.914049999999999e-16,7.59821e-17
716,716,1836.55,3.4491799999999996e-16,6.94757e-17
717,717,1836.92,2.18154e-16,6.33134e-17
718,718,1837.28,3.74464e-16,7.06512e-17
719,719,1837.65,4.959749999999999e-16,7.6045e-17
720,720,1838.02,5.85527e-16,8.01757e-17
721,721,1838.39,8.36252e-16,8.97363e-17
722,722,1838.76,8.41252e-16,8.98415e-17
723,723,1839.13,6.82967e-16,8.37088e-17
724,724,1839.5,7.370899999999999e-16,8.55771e-17
725,725,1839.87,8.228919999999999e-16,8.85584e-17
726,726,1840.23,1.044992e-15,9.62236e-17
727,727,1840.6,8.56662e-16,8.98687e-17
728,728,1840.97,9.50282e-16,9.33581e-17
729,729,1841.34,8.003869999999999e-16,8.82285e-17
730,730,1841.71,6.639769999999999e-16,8.33556e-17
731,731,1842.08,7.91898e-16,8.78048e-17
732,732,1842.45,7.74911e-16,8.66133e-17
733,733,1842.81,7.02356e-16,8.33793e-17
734,734,1843.18,7.65206e-16,8.50739e-17
735,735,1843.55,5.892139999999999e-16,7.85616e-17
736,736,1843.92,6.39383e-16,8.05668e-17
737,737,1844.29,6.18929e-16,8.00301e-17
738,738,1844.66,7.36806e-16,8.44979e-17
739,739,1845.03,7.33808e-16,8.42221e-17
740,740,1845.4,8.191519999999999e-16,8.72481e-17
741,741,1845.76,5.97181e-16,7.89798e-17
742,742,1846.13,7.12281e-16,8.32559e-17
743,743,1846.5,5.6183e-16,7.72903e-17
744,744,1846.87,7.360669999999999e-16,8.37531e-17
745,745,1847.24,6.3469e-16,8.00987e-17
746,746,1847.61,7.197979999999999e-16,8.3606e-17
747,747,1847.98,6.72679e-16,8.19683e-17
748,748,1848.34,7.386969999999999e-16,8.43228e-17
749,749,1848.71,9.39172e-16,9.09483e-17
750,750,1849.08,7.162839999999999e-16,8.29394e-17
751,751,1849.45,7.957699999999999e-16,8.58325e-17
752,752,1849.82,7.435089999999999e-16,8.40895e-17
753,753,1850.19,6.72806e-16,8.16202e-17
754,754,1850.56,5.90614e-16,7.8303e-17
755,755,1850.93,4.81255e-16,7.39293e-17
756,756,1851.29,6.36619e-16,7.99145e-17
757,757,1851.66,5.77373e-16,7.77153e-17
758,758,1852.03,6.226079999999999e-16,7.963e-17
759,759,1852.4,7.02408e-16,8.3009e-17
760,760,1852.77,6.82266e-16,8.25134e-17
761,761,1853.14,6.512649999999999e-16,8.1334e-17
762,762,1853.51,4.46388e-16,7.30345e-17
763,763,1853.87,4.4037e-16,7.27887e-17
764,764,1854.24,5.98867e-16,7.9126e-17
765,765,1854.61,5.45693e-16,7.71674e-17
766,766,1854.98,6.16667e-16,8.01517e-17
767,767,1855.35,5.09115e-16,7.61379e-17
768,768,1855.72,6.246749999999999e-16,8.09503e-17
769,769,1856.09,6.31199e-16,8.12181e-17
770,770,1856.46,6.79586e-16,8.29675e-17
771,771,1856.82,6.03078e-16,7.99299e-17
772,772,1857.19,6.52094e-16,8.17724e-17
773,773,1857.56,6.845889999999999e-16,8.30813e-17
774,774,1857.93,5.2114e-16,7.65935e-17
775,775,1858.3,5.38453e-16,7.7205e-17
776,776,1858.67,4.69323e-16,7.43035e-17
777,777,1859.04,7.05777e-16,8.33081e-17
778,778,1859.4,6.02078e-16,7.90571e-17
779,779,1859.77,8.021400000000003e-16,8.60501e-17
780,780,1860.14,7.681979999999999e-16,8.46518e-17
781,781,1860.51,5.07259e-16,7.46719e-17
782,782,1860.88,7.07594e-16,8.24467e-17
783,783,1861.25,7.55723e-16,8.41818e-17
784,784,1861.62,7.90425e-16,8.53379e-17
785,785,1861.98,6.37024e-16,7.95713e-17
786,786,1862.35,7.91848e-16,8.51479e-17
787,787,1862.72,7.40768e-16,8.31609e-17
788,788,1863.09,8.07187e-16,8.52445e-17
789,789,1863.46,7.27805e-16,8.19952e-17
790,790,1863.83,4.8760999999999995e-16,7.2545e-17
791,791,1864.2,7.193139999999999e-16,8.12312e-17
792,792,1864.57,7.36408e-16,8.18204e-17
793,793,1864.93,7.50507e-16,8.24491e-17
794,794,1865.3,8.131459999999999e-16,8.4851e-17
795,795,1865.67,7.00628e-16,8.1462e-17
796,796,1866.04,7.645119999999999e-16,8.4634e-17
797,797,1866.41,5.985959999999999e-16,7.90695e-17
798,798,1866.78,4.513899999999999e-16,7.31255e-17
799,799,1867.15,4.61317e-16,7.29378e-17
800,800,1867.51,5.29266e-16,7.54016e-17
801,801,1867.88,5.98542e-16,7.83104e-17
802,802,1868.25,6.09192e-16,7.93737e-17
803,803,1868.62,5.54383e-16,7.76448e-17
804,804,1868.99,6.60484e-16,9.18955e-17
805,805,1869.36,7.237579999999999e-16,9.46026e-17
806,806,1869.73,6.18941e-16,9.04719e-17
807,807,1870.09,6.33237e-16,9.04667e-17
808,808,1870.46,4.19335e-16,8.03689e-17
809,809,1870.83,5.16761e-16,8.41479e-17
810,810,1871.2,3.78552e-16,7.74991e-17
811,811,1871.57,3.8834e-16,7.7514e-17
812,812,1871.94,3.4005299999999993e-16,7.48256e-17
813,813,1872.31,3.9619699999999996e-16,7.7288e-17
814,814,1872.68,3.88747e-16,7.69241e-17
815,815,1873.04,5.5749e-16,8.45689e-17
816,816,1873.41,7.195649999999999e-16,9.13582e-17
817,817,1873.78,4.65855e-16,8.07984e-17
818,818,1874.15,6.65755e-16,8.9963e-17
819,819,1874.52,6.04089e-16,8.77452e-17
820,820,1874.89,7.2078e-16,9.28494e-17
821,821,1875.26,4.83559e-16,8.29925e-17
822,822,1875.62,5.18932e-16,8.49714e-17
823,823,1875.99,8.07026e-16,9.73647e-17
824,824,1876.36,5.17272e-16,7.6132e-17
825,825,1876.73,6.15991e-16,8.00372e-17
826,826,1877.1,6.16782e-16,7.97394e-17
827,827,1877.47,6.7070099999999995e-16,8.13625e-17
828,828,1877.84,6.726469999999999e-16,8.08529e-17
829,829,1878.2,8.00575e-16,8.52604e-17
830,830,1878.57,6.18733e-16,7.84722e-17
831,831,1878.94,4.55855e-16,7.22974e-17
832,832,1879.31,5.79852e-16,7.79076e-17
833,833,1879.68,6.48052e-16,8.13324e-17
834,834,1880.05,6.30851e-16,8.0756e-17
835,835,1880.42,4.94644e-16,7.49157e-17
836,836,1880.78,3.81416e-16,6.941e-17
837,837,1881.15,6.35924e-16,7.94301e-17
838,838,1881.52,6.324259999999999e-16,7.90912e-17
839,839,1881.89,8.26172e-16,8.59333e-17
840,840,1882.26,5.710929999999999e-16,7.66365e-17
841,841,1882.63,5.94326e-16,7.78637e-17
842,842,1883.0,5.35975e-16,7.60812e-17
843,843,1883.37,7.25002e-16,8.33379e-17
844,844,1883.73,6.933339999999999e-16,8.17603e-17
845,845,1884.1,6.69438e-16,8.02022e-17
846,846,1884.47,4.805119999999999e-16,7.25341e-17
847,847,1884.84,6.01353e-16,7.71166e-17
848,848,1885.21,4.22964e-16,7.02547e-17
849,849,1885.58,6.80322e-16,8.05469e-17
850,850,1885.95,5.38046e-16,7.55092e-17
851,851,1886.31,5.60011e-16,7.66305e-17
852,852,1886.68,2.5550299999999996e-16,6.37521e-17
853,853,1887.05,2.4418099999999997e-16,6.32866e-17
854,854,1887.42,2.06215e-16,6.12601e-17
855,855,1887.79,3.82583e-16,6.90685e-17
856,856,1888.16,5.54163e-16,7.60267e-17
857,857,1888.53,6.53219e-16,8.00311e-17
858,858,1888.89,6.53123e-16,8.03711e-17
859,859,1889.26,6.403439999999999e-16,8.02048e-17
860,860,1889.63,7.17583e-16,8.33225e-17
861,861,1890.0,7.08319e-16,8.31473e-17
862,862,1890.37,7.85645e-16,8.58291e-17
863,863,1890.74,7.72417e-16,8.49791e-17
864,864,1891.11,8.36532e-16,8.68033e-17
865,865,1891.47,6.672089999999999e-16,8.0323e-17
866,866,1891.84,6.417729999999999e-16,7.92797e-17
867,867,1892.21,6.8958e-16,8.10663e-17
868,868,1892.58,7.676589999999999e-16,8.3922e-17
869,869,1892.95,7.61498e-16,8.3379e-17
870,870,1893.32,5.32179e-16,7.45066e-17
871,871,1893.69,5.94665e-16,7.6802e-17
872,872,1894.05,7.46892e-16,9.2299e-17
873,873,1894.42,7.486620000000003e-16,9.24739e-17
874,874,1894.79,7.15254e-16,9.13412e-17
875,875,1895.16,6.9643e-16,9.07837e-17
876,876,1895.53,6.21863e-16,8.81526e-17
877,877,1895.9,6.37607e-16,8.88695e-17
878,878,1896.27,6.8434899999999995e-16,9.09324e-17
879,879,1896.63,8.242120000000003e-16,9.6378e-17
880,880,1897.0,7.22466e-16,9.25282e-17
881,881,1897.37,6.20446e-16,8.84988e-17
882,882,1897.74,6.61277e-16,9.04254e-17
883,883,1898.11,5.5749e-16,8.61256e-17
884,884,1898.48,6.075709999999999e-16,8.80978e-17
885,885,1898.85,6.11414e-16,8.80107e-17
886,886,1899.21,6.02471e-16,8.70222e-17
887,887,1899.58,5.60186e-16,8.48374e-17
888,888,1899.95,5.29515e-16,8.34093e-17
889,889,1900.32,7.565649999999999e-16,9.32516e-17
890,890,1900.69,6.31505e-16,8.86996e-17
891,891,1901.06,4.79551e-16,8.24555e-17
892,892,1901.43,5.85225e-16,8.7154e-17
893,893,1901.79,3.99713e-16,7.83448e-17
894,894,1902.16,2.91436e-16,7.26494e-17
895,895,1902.53,2.30615e-16,6.93241e-17
896,896,1902.9,3.71844e-16,7.65221e-17
897,897,1903.27,3.1158199999999996e-16,7.34589e-17
898,898,1903.64,3.84572e-16,7.69514e-17
899,899,1904.0,3.1629499999999995e-16,7.34356e-17
900,900,1904.37,5.94007e-16,9.9209e-17
901,901,1904.74,3.66044e-16,8.69395e-17
902,902,1905.11,3.2354699999999995e-16,8.41396e-17
903,903,1905.48,3.62412e-16,8.63659e-17
904,904,1905.85,3.81448e-16,8.7396e-17
905,905,1906.22,4.614219999999999e-16,9.19528e-17
906,906,1906.58,4.533539999999999e-16,9.16735e-17
907,907,1906.95,5.60416e-16,9.71958e-17
908,908,1907.32,5.48935e-16,9.64769e-17
909,909,1907.69,5.098929999999999e-16,9.44726e-17
910,910,1908.06,7.61786e-16,1.06606e-16
911,911,1908.43,6.2929e-16,1.00643e-16
912,912,1908.8,6.09084e-16,8.62594e-17
913,913,1909.16,6.31619e-16,8.72495e-17
914,914,1909.53,5.65948e-16,8.39575e-17
915,915,1909.9,6.70094e-16,8.8062e-17
916,916,1910.27,5.36291e-16,8.21109e-17
917,917,1910.64,4.36496e-16,7.76669e-17
918,918,1911.01,5.99666e-16,8.47615e-17
919,919,1911.38,3.22027e-16,7.2199e-17
920,920,1911.74,4.4818e-16,7.01633e-17
921,921,1912.11,2.6076599999999993e-16,6.22245e-17
922,922,1912.48,2.7778099999999997e-16,6.35075e-17
923,923,1912.85,1.23117e-16,5.63529e-17
924,924,1913.22,2.38752e-16,6.24573e-17
925,925,1913.59,3.0675799999999994e-16,6.5317e-17
926,926,1913.95,3.49738e-16,6.68832e-17
927,927,1914.32,4.99359e-16,7.29581e-17
928,928,1914.69,5.57644e-16,7.52471e-17
929,929,1915.06,6.468379999999999e-16,7.87237e-17
930,930,1915.43,5.31708e-16,7.40688e-17
931,931,1915.8,5.7915e-16,7.56105e-17
932,932,1916.17,5.31283e-16,7.32905e-17
933,933,1916.53,5.15831e-16,7.24282e-17
934,934,1916.9,5.98954e-16,7.5492e-17
935,935,1917.27,4.452639999999999e-16,6.94427e-17
936,936,1917.64,3.44858e-16,6.48975e-17
937,937,1918.01,4.484109999999999e-16,6.90117e-17
938,938,1918.38,4.1219e-16,6.73388e-17
939,939,1918.74,3.92795e-16,6.67444e-17
940,940,1919.11,4.826709999999999e-16,7.89514e-17
941,941,1919.48,5.72631e-16,8.3236e-17
942,942,1919.85,5.49255e-16,8.25792e-17
943,943,1920.22,4.32685e-16,7.77553e-17
944,944,1920.59,4.78277e-16,8.0021e-17
945,945,1920.96,3.50025e-16,7.41591e-17
946,946,1921.32,3.53871e-16,7.46921e-17
947,947,1921.69,3.65501e-16,7.56432e-17
948,948,1922.06,3.1116199999999995e-16,7.33891e-17
949,949,1922.43,1.5627e-16,6.52034e-17
950,950,1922.8,1.93196e-16,6.72467e-17
951,951,1923.17,2.41655e-16,6.94847e-17
952,952,1923.53,2.3991300000000004e-16,6.92011e-17
953,953,1923.9,1.87592e-16,6.6251e-17
954,954,1924.27,3.8110299999999997e-16,7.64764e-17
955,955,1924.64,3.2835999999999998e-16,7.44785e-17
956,956,1925.01,4.0533299999999997e-16,7.90896e-17
957,957,1925.38,4.91578e-16,8.39394e-17
958,958,1925.75,4.96487e-16,8.45484e-17
959,959,1926.11,7.215879999999999e-16,9.43243e-17
960,960,1926.48,5.565779999999999e-16,7.78213e-17
961,961,1926.85,5.694109999999999e-16,7.7965e-17
962,962,1927.22,5.89515e-16,7.80982e-17
963,963,1927.59,6.00011e-16,7.80378e-17
964,964,1927.96,4.972959999999999e-16,8.23164e-17
965,965,1928.32,4.60258e-16,8.06351e-17
966,966,1928.69,5.332209999999999e-16,8.38347e-17
967,967,1929.06,6.43957e-16,8.8089e-17
968,968,1929.43,6.47008e-16,8.7941e-17
969,969,1929.8,5.742229999999999e-16,8.43841e-17
970,970,1930.17,6.14165e-16,8.58525e-17
971,971,1930.53,7.80857e-16,9.2231e-17
972,972,1930.9,5.01388e-16,8.06388e-17
973,973,1931.27,6.745879999999999e-16,8.80792e-17
974,974,1931.64,5.670569999999999e-16,8.35886e-17
975,975,1932.01,4.3702599999999995e-16,7.77344e-17
976,976,1932.38,4.22476e-16,7.70428e-17
977,977,1932.75,3.4905799999999996e-16,7.33884e-17
978,978,1933.11,2.83484e-16,6.99917e-17
979,979,1933.48,2.3912100000000005e-16,6.75184e-17
980,980,1933.85,2.79781e-16,6.94392e-17
981,981,1934.22,1.79097e-16,6.38864e-17
982,982,1934.59,4.36951e-16,7.66199e-17
983,983,1934.96,2.49334e-16,6.76437e-17
984,984,1935.32,3.45305e-16,6.49571e-17
985,985,1935.69,3.3521e-16,6.46124e-17
986,986,1936.06,2.5088500000000003e-16,6.08503e-17
987,987,1936.43,3.74814e-16,6.6327e-17
988,988,1936.8,3.55082e-16,6.52649e-17
989,989,1937.17,4.1058399999999993e-16,6.71633e-17
990,990,1937.53,3.59844e-16,6.45547e-17
991,991,1937.9,4.41203e-16,6.78569e-17
992,992,1938.27,3.94018e-16,6.60807e-17
993,993,1938.64,5.97929e-16,7.44194e-17
994,994,1939.01,4.98072e-16,7.05994e-17
995,995,1939.38,6.28641e-16,7.57235e-17
996,996,1939.74,5.41922e-16,7.26107e-17
997,997,1940.11,5.97043e-16,7.49844e-17
998,998,1940.48,4.51652e-16,6.93725e-17
999,999,1940.85,6.07781e-16,7.56837e-17
1000,1000,1941.22,4.62261e-16,7.01407e-17
1001,1001,1941.59,5.02551e-16,7.17898e-17
1002,1002,1941.95,6.68172e-16,7.78079e-17
1003,1003,1942.32,6.466889999999999e-16,7.67717e-17
1004,1004,1942.69,5.21983e-16,7.19931e-17
1005,1005,1943.06,5.57562e-16,7.34836e-17
1006,1006,1943.43,7.100789999999999e-16,7.91427e-17
1007,1007,1943.8,7.12979e-16,7.91027e-17
1008,1008,1944.16,6.07878e-16,7.47277e-17
1009,1009,1944.53,6.538879999999999e-16,7.59047e-17
1010,1010,1944.9,6.20704e-16,7.43754e-17
1011,1011,1945.27,6.15797e-16,7.42259e-17
1012,1012,1945.64,4.85078e-16,6.92619e-17
1013,1013,1946.01,4.44451e-16,6.74776e-17
1014,1014,1946.37,4.63343e-16,6.80505e-17
1015,1015,1946.74,5.235519999999999e-16,7.01217e-17
1016,1016,1947.11,5.71077e-16,7.1566e-17
1017,1017,1947.48,6.89985e-16,7.54087e-17
1018,1018,1947.85,5.980959999999999e-16,7.19982e-17
1019,1019,1948.22,6.838489999999999e-16,7.515e-17
1020,1020,1948.58,5.70259e-16,7.149e-17
1021,1021,1948.95,4.902729999999999e-16,6.877e-17
1022,1022,1949.32,3.863e-16,6.48198e-17
1023,1023,1949.69,4.32079e-16,6.65141e-17
1024,1024,1950.06,3.72749e-16,6.36646e-17
1025,1025,1950.43,3.48137e-16,6.23781e-17
1026,1026,1950.79,4.36425e-16,6.59157e-17
1027,1027,1951.16,5.29617e-16,6.97601e-17
1028,1028,1951.53,4.627019999999999e-16,6.72946e-17
1029,1029,1951.9,4.67579e-16,6.74596e-17
1030,1030,1952.27,4.94347e-16,6.85201e-17
1031,1031,1952.64,5.27271e-16,6.98494e-17
1032,1032,1953.0,6.75221e-16,7.55035e-17
1033,1033,1953.37,6.1458e-16,7.35186e-17
1034,1034,1953.74,5.14094e-16,7.01762e-17
1035,1035,1954.11,6.259669999999999e-16,7.48696e-17
1036,1036,1954.48,4.48821e-16,6.86982e-17
1037,1037,1954.84,5.26219e-16,7.20844e-17
1038,1038,1955.21,5.71693e-16,7.42077e-17
1039,1039,1955.58,5.64501e-16,7.41828e-17
1040,1040,1955.95,5.595069999999999e-16,7.36891e-17
1041,1041,1956.32,5.87736e-16,7.41071e-17
1042,1042,1956.69,5.04942e-16,7.02724e-17
1043,1043,1957.05,5.68139e-16,7.25472e-17
1044,1044,1957.42,4.45421e-16,6.79613e-17
1045,1045,1957.79,6.01695e-16,7.41586e-17
1046,1046,1958.16,7.4821e-16,7.93078e-17
1047,1047,1958.53,6.47252e-16,7.53177e-17
1048,1048,1958.9,5.18803e-16,6.99904e-17
1049,1049,1959.26,5.65935e-16,7.13975e-17
1050,1050,1959.63,5.16397e-16,6.94275e-17
1051,1051,1960.0,5.98616e-16,7.26482e-17
1052,1052,1960.37,5.932159999999999e-16,7.27481e-17
1053,1053,1960.74,5.93668e-16,7.27908e-17
1054,1054,1961.1,6.44674e-16,7.45046e-17
1055,1055,1961.47,5.02809e-16,6.90531e-17
1056,1056,1961.84,5.3411e-16,7.0211e-17
1057,1057,1962.21,6.16641e-16,7.34217e-17
1058,1058,1962.58,5.90241e-16,7.24728e-17
1059,1059,1962.95,5.69626e-16,7.17531e-17
1060,1060,1963.31,5.16752e-16,6.97924e-17
1061,1061,1963.68,5.13063e-16,6.97535e-17
1062,1062,1964.05,5.094789999999999e-16,6.97262e-17
1063,1063,1964.42,4.38172e-16,6.68275e-17
1064,1064,1964.79,3.93127e-16,6.48448e-17
1065,1065,1965.15,5.35511e-16,7.03524e-17
1066,1066,1965.52,5.778629999999999e-16,7.16192e-17
1067,1067,1965.89,5.85297e-16,7.17164e-17
1068,1068,1966.26,4.93543e-16,6.78072e-17
1069,1069,1966.63,6.09711e-16,7.19308e-17
1070,1070,1967.0,5.65303e-16,6.98567e-17
1071,1071,1967.36,6.343269999999999e-16,7.21986e-17
1072,1072,1967.73,3.2829999999999993e-16,6.71741e-17
1073,1073,1968.1,5.31593e-16,7.61877e-17
1074,1074,1968.47,5.07577e-16,7.52726e-17
1075,1075,1968.84,4.90091e-16,7.50752e-17
1076,1076,1969.2,3.91823e-16,7.11051e-17
1077,1077,1969.57,4.15789e-16,7.25314e-17
1078,1078,1969.94,3.90366e-16,7.14345e-17
1079,1079,1970.31,6.198409999999999e-16,8.12924e-17
1080,1080,1970.68,4.14483e-16,7.23759e-17
1081,1081,1971.05,6.07665e-16,8.04583e-17
1082,1082,1971.41,5.244539999999999e-16,7.71116e-17
1083,1083,1971.78,5.55541e-16,7.87396e-17
1084,1084,1972.15,5.28773e-16,7.80212e-17
1085,1085,1972.52,6.40805e-16,8.3008e-17
1086,1086,1972.89,6.50602e-16,8.3589e-17
1087,1087,1973.25,5.10258e-16,7.77824e-17
1088,1088,1973.62,6.07745e-16,8.16887e-17
1089,1089,1973.99,4.797429999999999e-16,7.61946e-17
1090,1090,1974.36,5.66955e-16,7.99576e-17
1091,1091,1974.73,5.37616e-16,7.89926e-17
1092,1092,1975.09,4.8883e-16,6.89985e-17
1093,1093,1975.46,6.52282e-16,7.52081e-17
1094,1094,1975.83,4.548239999999999e-16,6.75488e-17
1095,1095,1976.2,6.538659999999999e-16,7.47747e-17
1096,1096,1976.57,6.844919999999999e-16,7.55117e-17
1097,1097,1976.93,6.37013e-16,7.38392e-17
1098,1098,1977.3,5.6119e-16,7.09731e-17
1099,1099,1977.67,4.876729999999999e-16,6.8213e-17
1100,1100,1978.04,6.34777e-16,7.33568e-17
1101,1101,1978.41,6.356759999999999e-16,7.28795e-17
1102,1102,1978.78,5.9524e-16,7.09183e-17
1103,1103,1979.14,5.4071e-16,6.8733e-17
1104,1104,1979.51,4.85101e-16,6.6671e-17
1105,1105,1979.88,3.54434e-16,6.16226e-17
1106,1106,1980.25,2.8207499999999995e-16,5.8493e-17
1107,1107,1980.62,3.23021e-16,6.02554e-17
1108,1108,1980.98,4.98141e-16,6.70337e-17
1109,1109,1981.35,4.07971e-16,6.32791e-17
1110,1110,1981.72,4.58829e-16,6.49813e-17
1111,1111,1982.09,5.57292e-16,6.88499e-17
1112,1112,1982.46,3.78213e-16,6.21232e-17
1113,1113,1982.82,3.5199599999999993e-16,6.13506e-17
1114,1114,1983.19,3.09363e-16,5.94147e-17
1115,1115,1983.56,5.158469999999999e-16,6.72542e-17
1116,1116,1983.93,5.67762e-16,6.87023e-17
1117,1117,1984.3,7.151109999999999e-16,7.35112e-17
1118,1118,1984.66,6.56843e-16,7.15792e-17
1119,1119,1985.03,7.106099999999999e-16,7.33822e-17
1120,1120,1985.4,7.1629e-16,7.38481e-17
1121,1121,1985.77,6.79799e-16,7.27746e-17
1122,1122,1986.14,5.712949999999999e-16,6.93056e-17
1123,1123,1986.5,5.60944e-16,6.89138e-17
1124,1124,1986.87,4.55187e-16,6.49371e-17
1125,1125,1987.24,5.1715099999999995e-16,6.70928e-17
1126,1126,1987.61,5.73263e-16,6.89365e-17
1127,1127,1987.98,6.36409e-16,7.08422e-17
1128,1128,1988.34,6.220159999999999e-16,7.01059e-17
1129,1129,1988.71,7.267429999999999e-16,7.37565e-17
1130,1130,1989.08,8.73002e-16,7.86349e-17
1131,1131,1989.45,7.24566e-16,7.40528e-17
1132,1132,1989.82,7.569530000000003e-16,7.50204e-17
1133,1133,1990.18,9.56242e-16,8.09777e-17
1134,1134,1990.55,7.86567e-16,7.4882e-17
1135,1135,1990.92,7.366740000000003e-16,7.27383e-17
1136,1136,1991.29,5.11554e-16,7.21784e-17
1137,1137,1991.66,5.150829999999999e-16,7.21753e-17
1138,1138,1992.02,5.49722e-16,7.35334e-17
1139,1139,1992.39,6.37551e-16,7.72705e-17
1140,1140,1992.76,7.68822e-16,8.24943e-17
1141,1141,1993.13,7.41564e-16,8.16359e-17
1142,1142,1993.5,8.277619999999999e-16,8.45645e-17
1143,1143,1993.86,6.24792e-16,7.70662e-17
1144,1144,1994.23,6.48068e-16,7.8262e-17
1145,1145,1994.6,5.990499999999999e-16,7.6652e-17
1146,1146,1994.97,5.54709e-16,7.5129e-17
1147,1147,1995.34,5.96527e-16,7.67606e-17
1148,1148,1995.7,6.77915e-16,8.00506e-17
1149,1149,1996.07,7.285919999999999e-16,8.20598e-17
1150,1150,1996.44,8.22752e-16,8.53198e-17
1151,1151,1996.81,6.486169999999999e-16,7.86548e-17
1152,1152,1997.17,6.6741099999999995e-16,7.90793e-17
1153,1153,1997.54,5.180569999999999e-16,7.32428e-17
1154,1154,1997.91,3.4254699999999996e-16,6.55634e-17
1155,1155,1998.28,4.2012899999999997e-16,6.899e-17
1156,1156,1998.65,4.57744e-16,6.31056e-17
1157,1157,1999.01,6.18923e-16,6.91075e-17
1158,1158,1999.38,6.49327e-16,7.02348e-17
1159,1159,1999.75,7.073929999999999e-16,7.22106e-17
1160,1160,2000.12,8.31042e-16,7.59445e-17
1161,1161,2000.49,8.6393200000000025e-16,7.67465e-17
1162,1162,2000.85,8.174719999999999e-16,7.49314e-17
1163,1163,2001.22,8.65882e-16,7.62944e-17
1164,1164,2001.59,6.883609999999999e-16,7.06742e-17
1165,1165,2001.96,7.44757e-16,7.27377e-17
1166,1166,2002.33,9.23462e-16,7.84777e-17
1167,1167,2002.69,8.43442e-16,7.58488e-17
1168,1168,2003.06,8.631419999999999e-16,8.52456e-17
1169,1169,2003.43,9.18292e-16,8.69607e-17
1170,1170,2003.8,7.517750000000003e-16,8.07477e-17
1171,1171,2004.16,7.6586400000000025e-16,8.08017e-17
1172,1172,2004.53,8.18482e-16,8.2149e-17
1173,1173,2004.9,6.75406e-16,7.67026e-17
1174,1174,2005.27,5.294319999999999e-16,7.08531e-17
1175,1175,2005.64,4.33303e-16,6.6901e-17
1176,1176,2006.0,3.5113699999999997e-16,6.35211e-17
1177,1177,2006.37,3.3146499999999995e-16,6.28663e-17
1178,1178,2006.74,2.7053899999999994e-16,6.01887e-17
1179,1179,2007.11,2.6361499999999995e-16,5.97568e-17
1180,1180,2007.47,3.5806499999999993e-16,6.39261e-17
1181,1181,2007.84,2.89294e-16,6.07424e-17
1182,1182,2008.21,3.3637e-16,6.30338e-17
1183,1183,2008.58,4.81601e-16,6.94718e-17
1184,1184,2008.95,4.474289999999999e-16,6.80598e-17
1185,1185,2009.31,3.65989e-16,6.44456e-17
1186,1186,2009.68,5.69449e-16,7.27936e-17
1187,1187,2010.05,5.60969e-16,7.23013e-17
1188,1188,2010.42,6.60539e-16,6.80093e-17
1189,1189,2010.78,7.589060000000003e-16,7.1156e-17
1190,1190,2011.15,7.52964e-16,7.07088e-17
1191,1191,2011.52,7.304419999999999e-16,6.97892e-17
1192,1192,2011.89,7.02513e-16,6.86388e-17
1193,1193,2012.26,6.16374e-16,6.59236e-17
1194,1194,2012.62,7.357919999999999e-16,7.00012e-17
1195,1195,2012.99,6.47419e-16,6.73833e-17
1196,1196,2013.36,5.497979999999999e-16,6.41141e-17
1197,1197,2013.73,4.3636099999999997e-16,5.99529e-17
1198,1198,2014.09,5.54065e-16,6.40206e-17
1199,1199,2014.46,4.831079999999999e-16,6.12815e-17
1200,1200,2014.83,3.87685e-16,5.75952e-17
1201,1201,2015.2,5.13603e-16,6.21075e-17
1202,1202,2015.57,5.56598e-16,6.33337e-17
1203,1203,2015.93,6.07676e-16,6.47925e-17
1204,1204,2016.3,5.23051e-16,6.17871e-17
1205,1205,2016.67,4.1591e-16,5.79871e-17
1206,1206,2017.04,3.42571e-16,5.52123e-17
1207,1207,2017.4,3.8651099999999996e-16,5.69415e-17
1208,1208,2017.77,5.03099e-16,6.1413e-17
1209,1209,2018.14,7.069579999999999e-16,6.85965e-17
1210,1210,2018.51,6.43606e-16,6.68739e-17
1211,1211,2018.87,6.74919e-16,6.79153e-17
1212,1212,2019.24,8.61922e-16,7.36102e-17
1213,1213,2019.61,8.99072e-16,7.44399e-17
1214,1214,2019.98,7.43067e-16,6.95948e-17
1215,1215,2020.35,9.07622e-16,7.45134e-17
1216,1216,2020.71,8.93352e-16,7.38784e-17
1217,1217,2021.08,7.56213e-16,6.94486e-17
1218,1218,2021.45,6.854799999999999e-16,6.71451e-17
1219,1219,2021.82,7.266989999999999e-16,6.85594e-17
1220,1220,2022.18,6.70834e-16,6.69932e-17
1221,1221,2022.55,5.48645e-16,6.31153e-17
1222,1222,2022.92,3.376e-16,5.5572e-17
1223,1223,2023.29,4.04966e-16,5.825e-17
1224,1224,2023.65,5.03846e-16,6.17299e-17
1225,1225,2024.02,6.59196e-16,6.66845e-17
1226,1226,2024.39,7.56697e-16,6.94908e-17
1227,1227,2024.76,7.33777e-16,6.85328e-17
1228,1228,2025.12,8.50552e-16,7.19552e-17
1229,1229,2025.49,7.96179e-16,7.03754e-17
1230,1230,2025.86,8.19272e-16,7.11426e-17
1231,1231,2026.23,7.2652e-16,6.83665e-17
1232,1232,2026.6,6.53298e-16,6.60243e-17
1233,1233,2026.96,7.266729999999999e-16,6.83795e-17
1234,1234,2027.33,6.972099999999999e-16,6.72867e-17
1235,1235,2027.7,9.25012e-16,7.38793e-17
1236,1236,2028.07,7.752149999999999e-16,6.90509e-17
1237,1237,2028.43,7.42571e-16,6.79169e-17
1238,1238,2028.8,7.085639999999999e-16,6.68421e-17
1239,1239,2029.17,7.116750000000003e-16,6.70755e-17
1240,1240,2029.54,7.39302e-16,6.82176e-17
1241,1241,2029.9,8.325720000000003e-16,7.13939e-17
1242,1242,2030.27,8.15722e-16,7.10741e-17
1243,1243,2030.64,7.92298e-16,7.01072e-17
1244,1244,2031.01,7.654539999999999e-16,6.90568e-17
1245,1245,2031.37,8.49462e-16,7.13862e-17
1246,1246,2031.74,8.091800000000003e-16,6.99254e-17
1247,1247,2032.11,8.06204e-16,6.95485e-17
1248,1248,2032.48,7.707680000000003e-16,6.8224e-17
1249,1249,2032.84,7.14521e-16,6.65728e-17
1250,1250,2033.21,7.04652e-16,6.63776e-17
1251,1251,2033.58,7.70939e-16,6.85811e-17
1252,1252,2033.95,7.38302e-16,6.7439e-17
1253,1253,2034.31,8.22932e-16,6.98884e-17
1254,1254,2034.68,8.61162e-16,7.10478e-17
1255,1255,2035.05,8.46892e-16,7.07223e-17
1256,1256,2035.42,8.30732e-16,7.04312e-17
1257,1257,2035.78,8.2383200000000015e-16,7.01192e-17
1258,1258,2036.15,8.85922e-16,7.19222e-17
1259,1259,2036.52,8.17862e-16,6.97058e-17
1260,1260,2036.89,7.336770000000003e-16,6.71073e-17
1261,1261,2037.25,7.71249e-16,6.79299e-17
1262,1262,2037.62,9.53062e-16,7.28101e-17
1263,1263,2037.99,8.054839999999999e-16,6.82053e-17
1264,1264,2038.36,6.52928e-16,6.32196e-17
1265,1265,2038.72,8.276220000000003e-16,6.84682e-17
1266,1266,2039.09,7.728479999999999e-16,6.68998e-17
1267,1267,2039.46,7.12957e-16,6.54289e-17
1268,1268,2039.83,8.315720000000003e-16,6.92051e-17
1269,1269,2040.19,6.9243e-16,6.49532e-17
1270,1270,2040.56,7.17308e-16,6.55783e-17
1271,1271,2040.93,7.26161e-16,6.55489e-17
1272,1272,2041.3,8.18362e-16,6.79999e-17
1273,1273,2041.66,4.88754e-16,5.71962e-17
1274,1274,2042.03,6.548469999999999e-16,6.25106e-17
1275,1275,2042.4,5.8381e-16,6.02234e-17
1276,1276,2042.77,5.89435e-16,6.06647e-17
1277,1277,2043.13,6.492259999999999e-16,6.27766e-17
1278,1278,2043.5,6.72351e-16,6.36445e-17
1279,1279,2043.87,6.95432e-16,6.43284e-17
1280,1280,2044.24,7.137190000000003e-16,6.49905e-17
1281,1281,2044.6,6.86298e-16,6.4337e-17
1282,1282,2044.97,5.94664e-16,6.16329e-17
1283,1283,2045.34,4.94025e-16,5.84708e-17
1284,1284,2045.7,4.90433e-16,5.83713e-17
1285,1285,2046.07,7.11133e-16,6.56516e-17
1286,1286,2046.44,7.1359e-16,6.56604e-17
1287,1287,2046.81,7.33078e-16,6.60588e-17
1288,1288,2047.17,6.89157e-16,6.43825e-17
1289,1289,2047.54,8.55222e-16,6.89714e-17
1290,1290,2047.91,6.69204e-16,6.32506e-17
1291,1291,2048.28,5.98104e-16,6.08144e-17
1292,1292,2048.64,4.538659999999999e-16,5.58243e-17
1293,1293,2049.01,2.64785e-16,4.84201e-17
1294,1294,2049.38,4.712219999999999e-16,5.57267e-17
1295,1295,2049.75,4.69647e-16,5.5211e-17
1296,1296,2050.11,5.90999e-16,5.88998e-17
1297,1297,2050.48,8.20262e-16,6.56731e-17
1298,1298,2050.85,7.53506e-16,6.37669e-17
1299,1299,2051.22,6.9167e-16,6.21515e-17
1300,1300,2051.58,6.79352e-16,6.18908e-17
1301,1301,2051.95,7.54779e-16,6.41468e-17
1302,1302,2052.32,7.082199999999999e-16,6.2412e-17
1303,1303,2052.68,5.6625e-16,5.76779e-17
1304,1304,2053.05,6.758849999999999e-16,6.08866e-17
1305,1305,2053.42,7.31455e-16,6.25578e-17
1306,1306,2053.79,6.327309999999999e-16,5.97681e-17
1307,1307,2054.15,6.57266e-16,6.07737e-17
1308,1308,2054.52,5.75794e-16,5.85829e-17
1309,1309,2054.89,6.79085e-16,6.20344e-17
1310,1310,2055.26,5.6378e-16,5.85093e-17
1311,1311,2055.62,6.31264e-16,6.04584e-17
1312,1312,2055.99,6.28334e-16,6.02421e-17
1313,1313,2056.36,6.7415e-16,6.15284e-17
1314,1314,2056.72,6.22012e-16,6.00982e-17
1315,1315,2057.09,6.5205e-16,6.1187e-17
1316,1316,2057.46,7.15736e-16,6.34043e-17
1317,1317,2057.83,6.1489e-16,6.03923e-17
1318,1318,2058.19,6.56962e-16,6.17097e-17
1319,1319,2058.56,6.72339e-16,6.18707e-17
1320,1320,2058.93,7.18294e-16,6.26812e-17
1321,1321,2059.29,6.54961e-16,6.03121e-17
1322,1322,2059.66,6.72208e-16,6.06402e-17
1323,1323,2060.03,6.54605e-16,6.02881e-17
1324,1324,2060.4,7.54996e-16,6.34572e-17
1325,1325,2060.76,6.26496e-16,5.96395e-17
1326,1326,2061.13,7.1614e-16,6.20982e-17
1327,1327,2061.5,8.146149999999999e-16,6.46501e-17
1328,1328,2061.86,6.09933e-16,5.82714e-17
1329,1329,2062.23,6.31705e-16,5.86487e-17
1330,1330,2062.6,7.83766e-16,6.30477e-17
1331,1331,2062.97,6.14496e-16,5.78538e-17
1332,1332,2063.33,6.43136e-16,5.85915e-17
1333,1333,2063.7,6.48826e-16,5.84249e-17
1334,1334,2064.07,5.8598e-16,5.62262e-17
1335,1335,2064.44,4.89145e-16,5.3014e-17
1336,1336,2064.8,6.472459999999999e-16,5.80379e-17
1337,1337,2065.17,5.46934e-16,5.52784e-17
1338,1338,2065.54,5.87201e-16,5.69126e-17
1339,1339,2065.9,7.32687e-16,6.14152e-17
1340,1340,2066.27,6.76834e-16,5.98197e-17
1341,1341,2066.64,8.20272e-16,6.38535e-17
1342,1342,2067.0,8.55532e-16,6.48177e-17
1343,1343,2067.37,7.656279999999999e-16,6.22669e-17
1344,1344,2067.74,8.0549e-16,6.34227e-17
1345,1345,2068.11,5.610459999999999e-16,5.61947e-17
1346,1346,2068.47,6.75304e-16,5.97181e-17
1347,1347,2068.84,5.01645e-16,5.43344e-17
1348,1348,2069.21,5.11365e-16,5.47724e-17
1349,1349,2069.57,5.43325e-16,5.59563e-17
1350,1350,2069.94,6.057729999999999e-16,5.79844e-17
1351,1351,2070.31,7.10088e-16,6.09942e-17
1352,1352,2070.68,6.03202e-16,5.74965e-17
1353,1353,2071.04,5.91472e-16,5.69384e-17
1354,1354,2071.41,5.688189999999999e-16,5.61697e-17
1355,1355,2071.78,4.67275e-16,5.29237e-17
1356,1356,2072.14,5.18073e-16,5.4494e-17
1357,1357,2072.51,5.19076e-16,5.44139e-17
1358,1358,2072.88,5.453989999999999e-16,5.50272e-17
1359,1359,2073.24,5.93611e-16,5.63648e-17
1360,1360,2073.61,5.95334e-16,5.62031e-17
1361,1361,2073.98,5.903799999999999e-16,5.59893e-17
1362,1362,2074.35,6.56946e-16,5.77778e-17
1363,1363,2074.71,6.92431e-16,5.86101e-17
1364,1364,2075.08,6.541749999999999e-16,5.73251e-17
1365,1365,2075.45,7.18985e-16,5.94793e-17
1366,1366,2075.81,6.76686e-16,5.85965e-17
1367,1367,2076.18,7.38992e-16,6.0797e-17
1368,1368,2076.55,6.096769999999999e-16,5.69544e-17
1369,1369,2076.91,5.82658e-16,5.5867e-17
1370,1370,2077.28,5.64447e-16,5.48271e-17
1371,1371,2077.65,4.99438e-16,5.23039e-17
1372,1372,2078.02,5.42071e-16,5.31921e-17
1373,1373,2078.38,6.169179999999999e-16,5.5167e-17
1374,1374,2078.75,6.44577e-16,5.59141e-17
1375,1375,2079.12,6.300719999999999e-16,5.556e-17
1376,1376,2079.48,5.48763e-16,5.3132e-17
1377,1377,2079.85,6.07653e-16,5.49163e-17
1378,1378,2080.22,6.86774e-16,5.72479e-17
1379,1379,2080.58,6.80337e-16,5.71907e-17
1380,1380,2080.95,6.25514e-16,5.56347e-17
1381,1381,2081.32,7.31456e-16,5.88271e-17
1382,1382,2081.68,5.76484e-16,5.43148e-17
1383,1383,2082.05,5.10179e-16,5.22507e-17
1384,1384,2082.42,6.292279999999999e-16,5.5764e-17
1385,1385,2082.79,5.07523e-16,5.191e-17
1386,1386,2083.15,4.27188e-16,4.92303e-17
1387,1387,2083.52,3.98367e-16,4.8294e-17
1388,1388,2083.89,4.4801e-16,4.99745e-17
1389,1389,2084.25,5.00398e-16,5.16631e-17
1390,1390,2084.62,5.47016e-16,5.30168e-17
1391,1391,2084.99,7.225030000000003e-16,5.8142e-17
1392,1392,2085.35,7.27336e-16,5.82176e-17
1393,1393,2085.72,5.38648e-16,5.24133e-17
1394,1394,2086.09,5.76982e-16,5.3181e-17
1395,1395,2086.45,4.17888e-16,4.78935e-17
1396,1396,2086.82,5.12944e-16,5.08154e-17
1397,1397,2087.19,2.9881699999999994e-16,4.36691e-17
1398,1398,2087.55,1.95991e-16,3.96465e-17
1399,1399,2087.92,2.07869e-16,3.98798e-17
1400,1400,2088.29,2.26734e-16,4.04394e-17
1401,1401,2088.65,2.99375e-16,4.3056e-17
1402,1402,2089.02,4.67173e-16,4.8634e-17
1403,1403,2089.39,4.76129e-16,4.89063e-17
1404,1404,2089.76,5.78463e-16,5.19452e-17
1405,1405,2090.12,5.37672e-16,5.08111e-17
1406,1406,2090.49,6.32138e-16,5.35667e-17
1407,1407,2090.86,5.033809999999999e-16,4.98704e-17
1408,1408,2091.22,5.28738e-16,5.06781e-17
1409,1409,2091.59,4.72258e-16,4.90188e-17
1410,1410,2091.96,3.78047e-16,4.60267e-17
1411,1411,2092.32,2.4856500000000003e-16,4.14708e-17
1412,1412,2092.69,1.43609e-16,3.73664e-17
1413,1413,2093.06,1.3143000000000002e-16,3.68744e-17
1414,1414,2093.42,2.1464499999999999e-16,4.01951e-17
1415,1415,2093.79,2.13748e-16,4.01061e-17
1416,1416,2094.16,4.02024e-16,4.66518e-17
1417,1417,2094.52,5.69334e-16,5.1687e-17
1418,1418,2094.89,3.9141999999999996e-16,4.5952e-17
1419,1419,2095.26,4.17305e-16,4.65997e-17
1420,1420,2095.62,3.0102299999999996e-16,4.25794e-17
1421,1421,2095.99,2.17072e-16,3.95129e-17
1422,1422,2096.36,2.18249e-16,3.96296e-17
1423,1423,2096.72,2.1811299999999999e-16,3.96173e-17
1424,1424,2097.09,2.3564e-16,4.02484e-17
1425,1425,2097.46,1.53322e-16,3.69643e-17
1426,1426,2097.82,1.1703599999999998e-16,3.54366e-17
1427,1427,2098.19,2.07022e-16,3.90714e-17
1428,1428,2098.56,2.76134e-16,4.1816e-17
1429,1429,2098.92,4.37699e-16,4.76344e-17
1430,1430,2099.29,5.47333e-16,5.13857e-17
1431,1431,2099.66,6.20148e-16,5.35973e-17
1432,1432,2100.02,6.76122e-16,5.50888e-17
1433,1433,2100.39,6.96602e-16,5.55119e-17
1434,1434,2100.76,6.52423e-16,5.42336e-17
1435,1435,2101.12,7.239059999999999e-16,5.6252e-17
1436,1436,2101.49,6.91058e-16,5.52731e-17
1437,1437,2101.86,6.933909999999999e-16,5.5205e-17
1438,1438,2102.22,6.82433e-16,5.4838e-17
1439,1439,2102.59,6.607149999999999e-16,5.42178e-17
1440,1440,2102.96,6.37901e-16,5.36305e-17
1441,1441,2103.32,7.0832e-16,5.55017e-17
1442,1442,2103.69,8.091039999999999e-16,5.79192e-17
1443,1443,2104.06,7.2978e-16,5.54802e-17
1444,1444,2104.42,7.121929999999999e-16,5.47131e-17
1445,1445,2104.79,6.92552e-16,5.40137e-17
1446,1446,2105.15,6.42741e-16,5.24381e-17
1447,1447,2105.52,6.18217e-16,5.14994e-17
1448,1448,2105.89,6.105449999999999e-16,5.10083e-17
1449,1449,2106.25,5.64136e-16,4.94535e-17
1450,1450,2106.62,7.090229999999999e-16,5.3268e-17
1451,1451,2106.99,4.99976e-16,4.72876e-17
1452,1452,2107.35,3.35666e-16,4.1926e-17
1453,1453,2107.72,2.49919e-16,3.87082e-17
1454,1454,2108.09,2.8219099999999997e-16,3.95264e-17
1455,1455,2108.45,2.7346e-16,3.90593e-17
1456,1456,2108.82,3.9271199999999996e-16,4.28907e-17
1457,1457,2109.19,6.17633e-16,4.95033e-17
1458,1458,2109.55,5.03333e-16,4.63479e-17
1459,1459,2109.92,4.766489999999999e-16,4.5577e-17
1460,1460,2110.29,5.21039e-16,4.7021e-17
1461,1461,2110.65,5.50264e-16,4.81359e-17
1462,1462,2111.02,6.888039999999999e-16,5.244e-17
1463,1463,2111.39,7.07676e-16,5.31962e-17
1464,1464,2111.75,5.50488e-16,4.90918e-17
1465,1465,2112.12,6.13552e-16,5.09051e-17
1466,1466,2112.48,8.21462e-16,5.64258e-17
1467,1467,2112.85,7.29973e-16,5.37782e-17
1468,1468,2113.22,7.110009999999999e-16,5.29356e-17
1469,1469,2113.58,6.461199999999999e-16,5.08878e-17
1470,1470,2113.95,6.98118e-16,5.21759e-17
1471,1471,2114.32,6.82834e-16,5.18121e-17
1472,1472,2114.68,6.864269999999999e-16,5.1936e-17
1473,1473,2115.05,6.566269999999999e-16,5.10638e-17
1474,1474,2115.42,6.93693e-16,5.1917e-17
1475,1475,2115.78,7.20111e-16,5.25794e-17
1476,1476,2116.15,6.139039999999999e-16,4.97545e-17
1477,1477,2116.51,7.124359999999999e-16,5.23096e-17
1478,1478,2116.88,6.62895e-16,5.08055e-17
1479,1479,2117.25,6.834129999999999e-16,5.12247e-17
1480,1480,2117.61,7.1314e-16,5.20909e-17
1481,1481,2117.98,6.60166e-16,5.10986e-17
1482,1482,2118.35,6.14365e-16,5.04668e-17
1483,1483,2118.71,6.97711e-16,5.33696e-17
1484,1484,2119.08,6.674329999999999e-16,5.29923e-17
1485,1485,2119.45,7.394079999999999e-16,5.53943e-17
1486,1486,2119.81,7.11072e-16,5.51833e-17
1487,1487,2120.18,7.67159e-16,5.76749e-17
1488,1488,2120.54,6.73626e-16,5.6115e-17
1489,1489,2120.91,7.650969999999999e-16,5.95218e-17
1490,1490,2121.28,6.57004e-16,5.67214e-17
1491,1491,2121.64,6.57769e-16,5.66479e-17
1492,1492,2122.01,6.23064e-16,5.54331e-17
1493,1493,2122.38,6.40842e-16,5.57599e-17
1494,1494,2122.74,5.89946e-16,5.39145e-17
1495,1495,2123.11,6.030339999999999e-16,5.38143e-17
1496,1496,2123.47,6.62195e-16,5.48024e-17
1497,1497,2123.84,7.100799999999999e-16,5.5234e-17
1498,1498,2124.21,6.91017e-16,5.36572e-17
1499,1499,2124.57,7.46764e-16,5.42341e-17
1500,1500,2124.94,7.022909999999999e-16,5.26241e-17
1501,1501,2125.31,5.80614e-16,4.93273e-17
1502,1502,2125.67,6.32468e-16,5.12237e-17
1503,1503,2126.04,6.60678e-16,5.24866e-17
1504,1504,2126.4,5.561189999999999e-16,5.00496e-17
1505,1505,2126.77,5.96165e-16,5.13916e-17
1506,1506,2127.14,5.662e-16,5.03947e-17
1507,1507,2127.5,5.042709999999999e-16,4.83107e-17
1508,1508,2127.87,5.50195e-16,4.93228e-17
1509,1509,2128.23,5.63804e-16,4.95835e-17
1510,1510,2128.6,5.43674e-16,4.91044e-17
1511,1511,2128.97,4.08107e-16,4.53147e-17
1512,1512,2129.33,4.32389e-16,4.65144e-17
1513,1513,2129.7,5.08967e-16,4.88806e-17
1514,1514,2130.07,5.147669999999999e-16,4.84728e-17
1515,1515,2130.43,5.763869999999999e-16,4.92671e-17
1516,1516,2130.8,4.86821e-16,4.57913e-17
1517,1517,2131.16,6.53526e-16,4.99173e-17
1518,1518,2131.53,5.053449999999999e-16,4.56218e-17
1519,1519,2131.9,5.66774e-16,4.7303e-17
1520,1520,2132.26,5.90786e-16,4.78894e-17
1521,1521,2132.63,5.39666e-16,4.65143e-17
1522,1522,2132.99,5.73744e-16,4.75586e-17
1523,1523,2133.36,4.88715e-16,4.52104e-17
1524,1524,2133.73,4.82506e-16,4.47946e-17
1525,1525,2134.09,4.772229999999999e-16,4.4343e-17
1526,1526,2134.46,6.27989e-16,4.81513e-17
1527,1527,2134.82,5.166329999999999e-16,4.49494e-17
1528,1528,2135.19,5.21254e-16,4.49745e-17
1529,1529,2135.56,5.68784e-16,4.63637e-17
1530,1530,2135.92,5.41211e-16,4.57918e-17
1531,1531,2136.29,4.76215e-16,4.428e-17
1532,1532,2136.65,5.7132e-16,4.73223e-17
1533,1533,2137.02,4.59367e-16,4.43394e-17
1534,1534,2137.39,3.4740299999999994e-16,4.0931e-17
1535,1535,2137.75,2.7569499999999994e-16,3.8523e-17
1536,1536,2138.12,2.6695199999999996e-16,3.81812e-17
1537,1537,2138.48,4.3969999999999993e-16,4.34968e-17
1538,1538,2138.85,4.61231e-16,4.38649e-17
1539,1539,2139.22,4.7787e-16,4.41066e-17
1540,1540,2139.58,4.5414e-16,4.32876e-17
1541,1541,2139.95,4.63208e-16,4.35125e-17
1542,1542,2140.31,4.43812e-16,4.29781e-17
1543,1543,2140.68,4.35754e-16,4.27226e-17
1544,1544,2141.05,4.55874e-16,4.33107e-17
1545,1545,2141.41,5.42783e-16,4.57228e-17
1546,1546,2141.78,5.00995e-16,4.45035e-17
1547,1547,2142.14,6.20969e-16,4.77493e-17
1548,1548,2142.51,4.62387e-16,4.33669e-17
1549,1549,2142.88,5.91542e-16,4.69946e-17
1550,1550,2143.24,5.63487e-16,4.61384e-17
1551,1551,2143.61,4.62703e-16,4.32005e-17
1552,1552,2143.97,4.885049999999999e-16,4.37884e-17
1553,1553,2144.34,5.497049999999999e-16,4.53761e-17
1554,1554,2144.71,5.5568e-16,4.54899e-17
1555,1555,2145.07,4.54898e-16,4.27765e-17
1556,1556,2145.44,4.53563e-16,4.29716e-17
1557,1557,2145.8,4.14607e-16,4.19653e-17
1558,1558,2146.17,4.3293799999999996e-16,4.24421e-17
1559,1559,2146.53,3.89218e-16,4.08818e-17
1560,1560,2146.9,4.77718e-16,4.31828e-17
1561,1561,2147.27,4.00637e-16,4.07958e-17
1562,1562,2147.63,4.98729e-16,4.35639e-17
1563,1563,2148.0,5.70425e-16,4.54803e-17
1564,1564,2148.36,5.3656e-16,4.44884e-17
1565,1565,2148.73,4.90862e-16,4.32379e-17
1566,1566,2149.09,5.539829999999999e-16,4.50601e-17
1567,1567,2149.46,5.83888e-16,4.5885e-17
1568,1568,2149.83,3.85894e-16,4.01577e-17
1569,1569,2150.19,4.808629999999999e-16,4.27737e-17
1570,1570,2150.56,4.68324e-16,4.23139e-17
1571,1571,2150.92,4.6618e-16,4.2263e-17
1572,1572,2151.29,5.276689999999999e-16,4.39457e-17
1573,1573,2151.66,4.93072e-16,4.30396e-17
1574,1574,2152.02,4.64963e-16,4.22738e-17
1575,1575,2152.39,4.11349e-16,4.06913e-17
1576,1576,2152.75,3.6332399999999993e-16,3.91492e-17
1577,1577,2153.12,3.3454799999999995e-16,3.81551e-17
1578,1578,2153.48,3.1285699999999997e-16,3.746e-17
1579,1579,2153.85,3.6359399999999993e-16,3.90736e-17
1580,1580,2154.22,3.32847e-16,3.82342e-17
1581,1581,2154.58,3.58569e-16,3.9107e-17
1582,1582,2154.95,3.4925199999999994e-16,3.88322e-17
1583,1583,2155.31,3.9964599999999993e-16,4.02682e-17
1584,1584,2155.68,3.51041e-16,3.87644e-17
1585,1585,2156.04,3.86226e-16,3.98107e-17
1586,1586,2156.41,4.3567199999999997e-16,4.13334e-17
1587,1587,2156.77,5.01024e-16,4.32129e-17
1588,1588,2157.14,5.22699e-16,4.38978e-17
1589,1589,2157.51,4.833609999999999e-16,4.26894e-17
1590,1590,2157.87,4.1930799999999997e-16,4.06921e-17
1591,1591,2158.24,3.8286899999999993e-16,3.9302e-17
1592,1592,2158.6,3.8989099999999993e-16,4.39974e-17
1593,1593,2158.97,3.1538e-16,4.13724e-17
1594,1594,2159.33,3.9102e-16,4.40855e-17
1595,1595,2159.7,3.7282699999999993e-16,4.37089e-17
1596,1596,2160.07,4.1115999999999996e-16,4.52404e-17
1597,1597,2160.43,4.13726e-16,4.54358e-17
1598,1598,2160.8,2.91987e-16,4.12683e-17
1599,1599,2161.16,1.93716e-16,3.75521e-17
1600,1600,2161.53,2.5285099999999997e-16,3.98092e-17
1601,1601,2161.89,2.2179299999999998e-16,3.85574e-17
1602,1602,2162.26,2.8413099999999996e-16,4.07412e-17
1603,1603,2162.62,3.1146199999999997e-16,4.1616e-17
1604,1604,2162.99,4.15473e-16,4.50682e-17
1605,1605,2163.36,3.7060099999999996e-16,4.35433e-17
1606,1606,2163.72,3.89461e-16,4.41032e-17
1607,1607,2164.09,3.2567599999999993e-16,4.18203e-17
1608,1608,2164.45,3.74531e-16,4.33359e-17
1609,1609,2164.82,2.1762499999999999e-16,3.76846e-17
1610,1610,2165.18,2.33371e-16,3.83565e-17
1611,1611,2165.55,1.4674000000000002e-16,3.51218e-17
1612,1612,2165.91,2.06766e-16,3.37532e-17
1613,1613,2166.28,1.94578e-16,3.3427e-17
1614,1614,2166.64,2.29628e-16,3.46278e-17
1615,1615,2167.01,2.8897499999999993e-16,3.65081e-17
1616,1616,2167.38,3.94548e-16,3.97583e-17
1617,1617,2167.74,4.3359e-16,4.09517e-17
1618,1618,2168.11,4.4707e-16,4.13145e-17
1619,1619,2168.47,4.3614799999999996e-16,4.08596e-17
1620,1620,2168.84,3.53873e-16,3.8319e-17
1621,1621,2169.2,4.31068e-16,4.0527e-17
1622,1622,2169.57,4.2260699999999993e-16,4.03153e-17
1623,1623,2169.93,4.0837899999999993e-16,3.98926e-17
1624,1624,2170.3,4.69274e-16,4.16481e-17
1625,1625,2170.66,3.4690299999999993e-16,3.80159e-17
1626,1626,2171.03,3.81325e-16,3.90396e-17
1627,1627,2171.39,4.35835e-16,4.0587e-17
1628,1628,2171.76,4.633729999999999e-16,4.1358e-17
1629,1629,2172.13,4.2680599999999996e-16,4.02527e-17
1630,1630,2172.49,4.26325e-16,4.00519e-17
1631,1631,2172.86,4.38779e-16,4.02781e-17
1632,1632,2173.22,5.08229e-16,4.20835e-17
1633,1633,2173.59,4.3481399999999993e-16,4.01059e-17
1634,1634,2173.95,4.00357e-16,3.91885e-17
1635,1635,2174.32,4.08725e-16,3.94897e-17
1636,1636,2174.68,2.99935e-16,4.05426e-17
1637,1637,2175.05,3.89286e-16,4.36157e-17
1638,1638,2175.41,3.73284e-16,4.31392e-17
1639,1639,2175.78,2.9241999999999993e-16,4.03311e-17
1640,1640,2176.14,2.58628e-16,3.89945e-17
1641,1641,2176.51,2.6073999999999997e-16,3.90352e-17
1642,1642,2176.87,3.1369899999999993e-16,4.08719e-17
1643,1643,2177.24,1.71514e-16,3.55679e-17
1644,1644,2177.6,1.21484e-16,3.33878e-17
1645,1645,2177.97,1.48416e-16,3.44324e-17
1646,1646,2178.33,2.25841e-16,3.74005e-17
1647,1647,2178.7,1.2468999999999999e-16,3.33676e-17
1648,1648,2179.07,1.6597200000000002e-16,3.50209e-17
1649,1649,2179.43,2.3126600000000004e-16,3.74497e-17
1650,1650,2179.8,3.08718e-16,4.02086e-17
1651,1651,2180.16,3.8295699999999996e-16,4.25496e-17
1652,1652,2180.53,5.10499e-16,4.64252e-17
1653,1653,2180.89,5.33484e-16,4.69388e-17
1654,1654,2181.26,4.2353399999999997e-16,4.34848e-17
1655,1655,2181.62,5.164149999999999e-16,4.61178e-17
1656,1656,2181.99,4.7883099999999995e-16,4.01694e-17
1657,1657,2182.35,4.20652e-16,3.85765e-17
1658,1658,2182.72,4.9429e-16,4.06678e-17
1659,1659,2183.08,4.90952e-16,4.07578e-17
1660,1660,2183.45,4.1822599999999993e-16,4.34387e-17
1661,1661,2183.81,3.42923e-16,4.09332e-17
1662,1662,2184.18,3.66309e-16,4.15411e-17
1663,1663,2184.54,4.45002e-16,4.39353e-17
1664,1664,2184.91,4.88773e-16,4.51832e-17
1665,1665,2185.27,4.47391e-16,4.38937e-17
1666,1666,2185.64,5.083079999999999e-16,4.56905e-17
1667,1667,2186.0,5.4731e-16,4.68741e-17
1668,1668,2186.37,5.17157e-16,4.59802e-17
1669,1669,2186.73,4.29299e-16,4.32613e-17
1670,1670,2187.1,4.68979e-16,4.42548e-17
1671,1671,2187.46,4.3247e-16,4.28628e-17
1672,1672,2187.83,4.49682e-16,4.3146e-17
1673,1673,2188.19,4.3823199999999996e-16,4.2661e-17
1674,1674,2188.56,4.69117e-16,4.34883e-17
1675,1675,2188.92,3.59676e-16,4.00599e-17
1676,1676,2189.29,5.50353e-16,4.56197e-17
1677,1677,2189.65,5.57414e-16,4.57974e-17
1678,1678,2190.02,5.45343e-16,4.54838e-17
1679,1679,2190.38,4.55889e-16,4.30849e-17
1680,1680,2190.75,4.47714e-16,3.85116e-17
1681,1681,2191.11,4.28118e-16,3.80924e-17
1682,1682,2191.48,3.88564e-16,3.69959e-17
1683,1683,2191.84,4.4212299999999993e-16,3.83843e-17
1684,1684,2192.21,4.0520399999999993e-16,3.73883e-17
1685,1685,2192.57,4.11561e-16,3.76432e-17
1686,1686,2192.94,5.222609999999999e-16,4.07352e-17
1687,1687,2193.3,5.28626e-16,4.09683e-17
1688,1688,2193.67,4.99544e-16,4.01585e-17
1689,1689,2194.03,4.66012e-16,3.9204e-17
1690,1690,2194.4,4.3967699999999993e-16,3.84528e-17
1691,1691,2194.76,4.4745e-16,3.86444e-17
1692,1692,2195.13,4.51364e-16,3.86713e-17
1693,1693,2195.49,4.01668e-16,3.71706e-17
1694,1694,2195.86,3.89735e-16,3.67064e-17
1695,1695,2196.22,3.9776e-16,3.68517e-17
1696,1696,2196.59,4.29374e-16,3.76824e-17
1697,1697,2196.95,4.42011e-16,3.80372e-17
1698,1698,2197.32,4.13333e-16,3.72564e-17
1699,1699,2197.68,4.26597e-16,3.76539e-17
1700,1700,2198.05,5.31294e-16,4.0412e-17
1701,1701,2198.41,4.52239e-16,3.83827e-17
1702,1702,2198.78,4.78868e-16,3.90879e-17
1703,1703,2199.14,5.31175e-16,4.04708e-17
1704,1704,2199.5,4.3711899999999997e-16,3.8022e-17
1705,1705,2199.87,4.49154e-16,3.84062e-17
1706,1706,2200.23,4.11817e-16,3.73822e-17
1707,1707,2200.6,3.786e-16,3.65208e-17
1708,1708,2200.96,3.9405399999999993e-16,4.1317e-17
1709,1709,2201.33,3.7678e-16,4.08066e-17
1710,1710,2201.69,4.74976e-16,4.38088e-17
1711,1711,2202.06,4.89295e-16,4.4281e-17
1712,1712,2202.42,5.79032e-16,4.68906e-17
1713,1713,2202.79,4.80408e-16,4.40758e-17
1714,1714,2203.15,3.8506999999999996e-16,4.09899e-17
1715,1715,2203.52,4.52426e-16,4.27834e-17
1716,1716,2203.88,5.18434e-16,4.45223e-17
1717,1717,2204.25,4.65009e-16,4.2966e-17
1718,1718,2204.61,4.71902e-16,4.3329e-17
1719,1719,2204.98,5.93615e-16,4.69235e-17
1720,1720,2205.34,5.49107e-16,4.5747e-17
1721,1721,2205.7,5.00984e-16,4.42164e-17
1722,1722,2206.07,4.10315e-16,4.12657e-17
1723,1723,2206.43,3.3371499999999994e-16,3.8601e-17
1724,1724,2206.8,2.7184799999999994e-16,3.63403e-17
1725,1725,2207.16,3.5223e-16,3.87363e-17
1726,1726,2207.53,4.488179999999999e-16,4.1634e-17
1727,1727,2207.89,4.18645e-16,4.0798e-17
1728,1728,2208.26,4.3639499999999996e-16,3.71156e-17
1729,1729,2208.62,4.829299999999999e-16,3.8434e-17
1730,1730,2208.99,5.43358e-16,3.99932e-17
1731,1731,2209.35,3.66843e-16,3.52702e-17
1732,1732,2209.72,4.42725e-16,3.71064e-17
1733,1733,2210.08,3.61438e-16,3.47177e-17
1734,1734,2210.44,4.18399e-16,3.61723e-17
1735,1735,2210.81,4.03766e-16,3.58069e-17
1736,1736,2211.17,3.07702e-16,3.32032e-17
1737,1737,2211.54,3.1006999999999993e-16,3.33634e-17
1738,1738,2211.9,2.77575e-16,3.24244e-17
1739,1739,2212.27,1.69355e-16,2.90262e-17
1740,1740,2212.63,9.4277e-17,2.64325e-17
1741,1741,2213.0,1.5039e-16,2.85076e-17
1742,1742,2213.36,1.48941e-16,2.84845e-17
1743,1743,2213.72,2.5356600000000003e-16,3.17522e-17
1744,1744,2214.09,3.34194e-16,3.3951e-17
1745,1745,2214.45,4.01731e-16,3.56898e-17
1746,1746,2214.82,4.25599e-16,3.62282e-17
1747,1747,2215.18,4.98596e-16,3.80019e-17
1748,1748,2215.55,4.3797e-16,3.63375e-17
1749,1749,2215.91,5.09661e-16,3.81544e-17
1750,1750,2216.28,4.589529999999999e-16,3.69468e-17
1751,1751,2216.64,4.28679e-16,3.62259e-17
1752,1752,2217.0,3.93584e-16,3.52632e-17
1753,1753,2217.37,3.98198e-16,3.53515e-17
1754,1754,2217.73,5.26575e-16,3.85153e-17
1755,1755,2218.1,5.20328e-16,3.8345e-17
1756,1756,2218.46,4.53431e-16,3.66934e-17
1757,1757,2218.83,4.795019999999999e-16,3.74067e-17
1758,1758,2219.19,4.49779e-16,3.66045e-17
1759,1759,2219.55,4.56187e-16,3.66746e-17
1760,1760,2219.92,3.91858e-16,3.49086e-17
1761,1761,2220.28,4.59057e-16,3.65458e-17
1762,1762,2220.65,4.3231199999999995e-16,3.57174e-17
1763,1763,2221.01,4.3875499999999997e-16,3.5796e-17
1764,1764,2221.38,4.4148199999999996e-16,4.01641e-17
1765,1765,2221.74,4.528599999999999e-16,4.06473e-17
1766,1766,2222.1,3.9326899999999996e-16,3.91112e-17
1767,1767,2222.47,3.2304799999999996e-16,3.70452e-17
1768,1768,2222.83,3.5209599999999997e-16,3.79906e-17
1769,1769,2223.2,2.86435e-16,3.59084e-17
1770,1770,2223.56,2.6286999999999997e-16,3.51265e-17
1771,1771,2223.93,3.24061e-16,3.71223e-17
1772,1772,2224.29,2.91936e-16,3.6125e-17
1773,1773,2224.65,3.2834699999999995e-16,3.73389e-17
1774,1774,2225.02,2.93244e-16,3.62257e-17
1775,1775,2225.38,3.24819e-16,3.71807e-17
1776,1776,2225.75,2.35662e-16,3.41456e-17
1777,1777,2226.11,2.02784e-16,3.29948e-17
1778,1778,2226.48,2.84701e-16,3.56825e-17
1779,1779,2226.84,4.02446e-16,3.93006e-17
1780,1780,2227.2,3.44759e-16,3.7389e-17
1781,1781,2227.57,3.49077e-16,3.75111e-17
1782,1782,2227.93,3.2645799999999995e-16,3.68278e-17
1783,1783,2228.3,2.19205e-16,3.33561e-17
1784,1784,2228.66,4.19849e-16,3.55428e-17
1785,1785,2229.02,3.3522499999999994e-16,3.32866e-17
1786,1786,2229.39,4.72467e-16,3.69129e-17
1787,1787,2229.75,3.97366e-16,3.50077e-17
1788,1788,2230.12,4.24449e-16,3.57547e-17
1789,1789,2230.48,4.39826e-16,3.6229e-17
1790,1790,2230.84,5.19261e-16,3.83077e-17
1791,1791,2231.21,4.17753e-16,3.57298e-17
1792,1792,2231.57,4.48108e-16,3.64697e-17
1793,1793,2231.94,4.14945e-16,3.55647e-17
1794,1794,2232.3,5.47658e-16,3.88977e-17
1795,1795,2232.66,5.31605e-16,3.84783e-17
1796,1796,2233.03,4.84125e-16,3.7227e-17
1797,1797,2233.39,5.22006e-16,3.80184e-17
1798,1798,2233.76,4.53763e-16,3.6153e-17
1799,1799,2234.12,4.4320499999999997e-16,3.56126e-17
1800,1800,2234.48,4.81432e-16,3.63629e-17
1801,1801,2234.85,3.99806e-16,3.42014e-17
1802,1802,2235.21,4.0859e-16,3.45411e-17
1803,1803,2235.58,4.1612499999999993e-16,3.4806e-17
1804,1804,2235.94,4.1845199999999996e-16,3.89529e-17
1805,1805,2236.3,3.78121e-16,3.7609e-17
1806,1806,2236.67,4.05458e-16,3.82735e-17
1807,1807,2237.03,4.1189499999999996e-16,3.84528e-17
1808,1808,2237.4,3.48646e-16,3.6622e-17
1809,1809,2237.76,3.2954199999999996e-16,3.60726e-17
1810,1810,2238.12,3.4135899999999997e-16,3.64633e-17
1811,1811,2238.49,2.91879e-16,3.49899e-17
1812,1812,2238.85,3.59768e-16,3.72158e-17
1813,1813,2239.22,3.9979799999999997e-16,3.84742e-17
1814,1814,2239.58,3.2326699999999997e-16,3.62552e-17
1815,1815,2239.94,3.9498399999999993e-16,3.84891e-17
1816,1816,2240.31,3.27694e-16,3.65725e-17
1817,1817,2240.67,2.8997099999999997e-16,3.54204e-17
1818,1818,2241.03,2.6851e-16,3.46824e-17
1819,1819,2241.4,3.11561e-16,3.59678e-17
1820,1820,2241.76,2.4784299999999995e-16,3.37875e-17
1821,1821,2242.13,3.5488599999999996e-16,3.70598e-17
1822,1822,2242.49,3.8309e-16,3.78698e-17
1823,1823,2242.85,4.67219e-16,4.03263e-17
1824,1824,2243.22,4.36524e-16,3.53617e-17
1825,1825,2243.58,3.87071e-16,3.4111e-17
1826,1826,2243.95,3.8670099999999997e-16,3.40897e-17
1827,1827,2244.31,4.14739e-16,3.47985e-17
1828,1828,2244.67,4.600319999999999e-16,3.59612e-17
1829,1829,2245.04,4.67796e-16,3.61729e-17
1830,1830,2245.4,3.7223199999999997e-16,3.37056e-17
1831,1831,2245.76,3.9423399999999997e-16,3.41842e-17
1832,1832,2246.13,3.0024799999999996e-16,3.15283e-17
1833,1833,2246.49,2.2033799999999999e-16,2.91188e-17
1834,1834,2246.85,2.0813099999999998e-16,2.87539e-17
1835,1835,2247.22,2.3579099999999995e-16,2.96387e-17
1836,1836,2247.58,2.7636099999999994e-16,3.08208e-17
1837,1837,2247.95,2.81354e-16,3.08858e-17
1838,1838,2248.31,2.74859e-16,3.05884e-17
1839,1839,2248.67,3.0140599999999993e-16,3.12858e-17
1840,1840,2249.04,2.27784e-16,2.91495e-17
1841,1841,2249.4,2.4701099999999996e-16,2.9721e-17
1842,1842,2249.76,2.4210600000000003e-16,2.95215e-17
1843,1843,2250.13,2.07871e-16,2.83745e-17
1844,1844,2250.49,2.37807e-16,2.91579e-17
1845,1845,2250.85,2.8082299999999995e-16,3.03385e-17
1846,1846,2251.22,2.74821e-16,3.01372e-17
1847,1847,2251.58,1.95905e-16,2.77977e-17
1848,1848,2251.95,1.8494899999999999e-16,2.74293e-17
1849,1849,2252.31,1.94067e-16,2.77372e-17
1850,1850,2252.67,2.0436e-16,2.8055e-17
1851,1851,2253.04,1.75178e-16,2.71465e-17
1852,1852,2253.4,2.28313e-16,2.87102e-17
1853,1853,2253.76,2.6266799999999995e-16,2.96599e-17
1854,1854,2254.13,3.0380099999999994e-16,3.07693e-17
1855,1855,2254.49,3.5134299999999996e-16,3.19998e-17
1856,1856,2254.85,3.1345e-16,3.09583e-17
1857,1857,2255.22,4.19955e-16,3.37442e-17
1858,1858,2255.58,3.6104099999999996e-16,3.23539e-17
1859,1859,2255.94,4.34886e-16,3.43151e-17
1860,1860,2256.31,4.617949999999999e-16,3.92079e-17
1861,1861,2256.67,3.71986e-16,3.66781e-17
1862,1862,2257.03,4.11197e-16,3.78298e-17
1863,1863,2257.4,3.36956e-16,3.56128e-17
1864,1864,2257.76,3.5369599999999994e-16,3.6099e-17
1865,1865,2258.12,3.9859e-16,3.74058e-17
1866,1866,2258.49,4.21441e-16,3.81053e-17
1867,1867,2258.85,4.2812699999999997e-16,3.83024e-17
1868,1868,2259.21,3.2563099999999995e-16,3.53332e-17
1869,1869,2259.58,3.64448e-16,3.6422e-17
1870,1870,2259.94,4.51229e-16,3.87861e-17
1871,1871,2260.3,2.9951099999999993e-16,3.42625e-17
1872,1872,2260.67,3.23637e-16,3.4952e-17
1873,1873,2261.03,3.6082899999999997e-16,3.61069e-17
1874,1874,2261.39,3.2289899999999996e-16,3.49841e-17
1875,1875,2261.76,3.4103499999999993e-16,3.5495e-17
1876,1876,2262.12,3.4922999999999996e-16,3.56509e-17
1877,1877,2262.48,3.65298e-16,3.60186e-17
1878,1878,2262.85,2.86884e-16,3.35404e-17
1879,1879,2263.21,2.49556e-16,3.21924e-17
1880,1880,2263.57,2.14735e-16,2.76572e-17
1881,1881,2263.94,1.74905e-16,2.63596e-17
1882,1882,2264.3,1.5632099999999999e-16,2.56788e-17
1883,1883,2264.66,1.5786499999999998e-16,2.5725e-17
1884,1884,2265.03,1.2406099999999998e-16,2.75761e-17
1885,1885,2265.39,1.4196000000000002e-16,2.83136e-17
1886,1886,2265.75,8.80999999999999e-18,2.311e-17
1887,1887,2266.12,5.6276e-17,2.51564e-17
1888,1888,2266.48,0.0,2.636e-17
1889,1889,2266.84,1.446800000000001e-17,2.71697e-17
1890,1890,2267.21,3.5937e-17,2.84148e-17
1891,1891,2267.57,2.07268e-16,3.5928e-17
1892,1892,2267.93,1.57918e-16,3.40089e-17
1893,1893,2268.3,2.5791300000000004e-16,3.78661e-17
1894,1894,2268.66,2.3485e-16,3.71116e-17
1895,1895,2269.02,2.35864e-16,3.73451e-17
1896,1896,2269.39,2.4250999999999997e-16,3.77903e-17
1897,1897,2269.75,1.81335e-16,3.54982e-17
1898,1898,2270.11,3.3017299999999995e-16,4.10596e-17
1899,1899,2270.47,3.2375999999999996e-16,4.06768e-17
1900,1900,2270.84,2.8415899999999995e-16,3.90122e-17
1901,1901,2271.2,2.66001e-16,3.81567e-17
1902,1902,2271.56,2.9750399999999997e-16,3.9202e-17
1903,1903,2271.93,2.6106099999999996e-16,3.7874e-17
1904,1904,2272.29,2.85902e-16,3.35738e-17
1905,1905,2272.65,2.2981499999999997e-16,3.17028e-17
1906,1906,2273.02,3.47957e-16,3.51272e-17
1907,1907,2273.38,3.4561799999999995e-16,3.47512e-17
1908,1908,2273.74,2.93125e-16,2.94509e-17
1909,1909,2274.1,2.9514e-16,2.94113e-17
1910,1910,2274.47,3.79815e-16,3.16332e-17
1911,1911,2274.83,3.57473e-16,3.11651e-17
1912,1912,2275.19,3.79057e-16,3.17398e-17
1913,1913,2275.56,4.2146599999999995e-16,3.2628e-17
1914,1914,2275.92,3.43152e-16,3.04437e-17
1915,1915,2276.28,3.8690699999999996e-16,3.12667e-17
1916,1916,2276.65,3.52223e-16,3.02799e-17
1917,1917,2277.01,2.14067e-16,2.65393e-17
1918,1918,2277.37,2.79563e-16,2.84629e-17
1919,1919,2277.73,2.31919e-16,2.7316e-17
1920,1920,2278.1,2.39836e-16,2.77767e-17
1921,1921,2278.46,2.90146e-16,2.93306e-17
1922,1922,2278.82,3.7908199999999997e-16,3.17471e-17
1923,1923,2279.19,3.5879399999999993e-16,3.11974e-17
1924,1924,2279.55,3.8668e-16,3.18778e-17
1925,1925,2279.91,3.87277e-16,3.1814e-17
1926,1926,2280.27,3.94253e-16,3.19112e-17
1927,1927,2280.64,3.8541999999999996e-16,3.16155e-17
1928,1928,2281.0,4.10812e-16,3.2202e-17
1929,1929,2281.36,3.4867899999999996e-16,3.06707e-17
1930,1930,2281.73,3.38684e-16,3.04464e-17
1931,1931,2282.09,4.40553e-16,3.30091e-17
1932,1932,2282.45,3.9234499999999997e-16,3.19054e-17
1933,1933,2282.81,3.5809399999999994e-16,3.11633e-17
1934,1934,2283.18,3.8393e-16,3.19771e-17
1935,1935,2283.54,3.55698e-16,3.13861e-17
1936,1936,2283.9,3.3273e-16,3.08322e-17
1937,1937,2284.26,3.62414e-16,3.15678e-17
1938,1938,2284.63,3.55364e-16,3.13686e-17
1939,1939,2284.99,4.1073499999999996e-16,3.27285e-17
1940,1940,2285.35,3.61635e-16,3.15248e-17
1941,1941,2285.72,4.20917e-16,3.29465e-17
1942,1942,2286.08,3.81813e-16,3.19628e-17
1943,1943,2286.44,3.99205e-16,3.22909e-17
1944,1944,2286.8,3.82183e-16,3.18353e-17
1945,1945,2287.17,3.63467e-16,3.13264e-17
1946,1946,2287.53,3.99555e-16,3.22633e-17
1947,1947,2287.89,3.49641e-16,3.09906e-17
1948,1948,2288.25,3.8354e-16,3.18149e-17
1949,1949,2288.62,4.11679e-16,3.24489e-17
1950,1950,2288.98,3.4250599999999995e-16,3.07322e-17
1951,1951,2289.34,3.7015099999999993e-16,3.15094e-17
1952,1952,2289.7,3.74654e-16,3.16649e-17
1953,1953,2290.07,3.6224099999999996e-16,3.13118e-17
1954,1954,2290.43,3.60486e-16,3.11617e-17
1955,1955,2290.79,3.81446e-16,3.1653e-17
1956,1956,2291.15,3.8362299999999996e-16,3.16776e-17
1957,1957,2291.52,4.15896e-16,3.24463e-17
1958,1958,2291.88,3.8099e-16,3.15321e-17
1959,1959,2292.24,3.5908299999999996e-16,3.09849e-17
1960,1960,2292.6,3.7686499999999996e-16,3.14e-17
1961,1961,2292.97,3.65419e-16,3.10988e-17
1962,1962,2293.33,3.79132e-16,3.13829e-17
1963,1963,2293.69,3.70743e-16,3.1156e-17
1964,1964,2294.05,3.78996e-16,3.13286e-17
1965,1965,2294.42,3.37312e-16,3.0237e-17
1966,1966,2294.78,3.8119e-16,3.13562e-17
1967,1967,2295.14,2.8198999999999997e-16,2.88029e-17
1968,1968,2295.5,3.18273e-16,2.97839e-17
1969,1969,2295.87,3.1753499999999994e-16,2.97409e-17
1970,1970,2296.23,3.1749599999999996e-16,2.97392e-17
1971,1971,2296.59,3.51983e-16,3.0637e-17
1972,1972,2296.95,3.0297999999999995e-16,2.93934e-17
1973,1973,2297.32,3.2401899999999997e-16,2.99722e-17
1974,1974,2297.68,3.69362e-16,3.11822e-17
1975,1975,2298.04,2.50957e-16,2.80172e-17
1976,1976,2298.4,2.48243e-16,2.79002e-17
1977,1977,2298.77,2.8359499999999993e-16,2.87474e-17
1978,1978,2299.13,3.36548e-16,3.01013e-17
1979,1979,2299.49,3.12527e-16,2.94001e-17
1980,1980,2299.85,3.1181799999999997e-16,2.93588e-17
1981,1981,2300.21,2.7996199999999995e-16,2.84745e-17
1982,1982,2300.58,2.17872e-16,2.67788e-17
1983,1983,2300.94,2.4804300000000004e-16,2.76123e-17
1984,1984,2301.3,2.4004099999999997e-16,2.7322e-17
1985,1985,2301.66,2.9252399999999994e-16,2.86188e-17
1986,1986,2302.03,3.09277e-16,2.89152e-17
1987,1987,2302.39,2.52852e-16,2.73274e-17
1988,1988,2302.75,3.09116e-16,3.20763e-17
1989,1989,2303.11,2.9508e-16,3.15621e-17
1990,1990,2303.47,3.1017599999999997e-16,3.18823e-17
1991,1991,2303.84,3.2859299999999993e-16,3.24117e-17
1992,1992,2304.2,3.2513e-16,3.23213e-17
1993,1993,2304.56,3.5434499999999994e-16,3.3199e-17
1994,1994,2304.92,2.4830700000000003e-16,3.014e-17
1995,1995,2305.29,2.25963e-16,2.95136e-17
1996,1996,2305.65,1.9188e-16,2.84694e-17
1997,1997,2306.01,1.88805e-16,2.8397e-17
1998,1998,2306.37,2.18316e-16,2.93404e-17
1999,1999,2306.73,1.7639899999999995e-16,2.79333e-17
2000,2000,2307.1,2.4192899999999995e-16,2.99874e-17
2001,2001,2307.46,3.03603e-16,3.17932e-17
2002,2002,2307.82,3.08154e-16,3.19567e-17
2003,2003,2308.18,2.8627199999999995e-16,3.1328e-17
2004,2004,2308.54,3.80613e-16,3.38831e-17
2005,2005,2308.91,3.1996e-16,3.21298e-17
2006,2006,2309.27,3.2014899999999997e-16,3.20147e-17
2007,2007,2309.63,3.26579e-16,3.21685e-17
2008,2008,2309.99,2.78667e-16,2.75118e-17
2009,2009,2310.35,3.11596e-16,2.84007e-17
2010,2010,2310.72,3.6398099999999997e-16,2.97583e-17
2011,2011,2311.08,3.2526299999999994e-16,2.88589e-17
2012,2012,2311.44,3.80119e-16,3.01556e-17
2013,2013,2311.8,3.30399e-16,2.8878e-17
2014,2014,2312.16,3.58924e-16,2.94865e-17
2015,2015,2312.53,3.2974e-16,2.87976e-17
2016,2016,2312.89,3.3056899999999995e-16,2.89341e-17
2017,2017,2313.25,3.29458e-16,2.90538e-17
2018,2018,2313.61,3.5233099999999997e-16,2.97426e-17
2019,2019,2313.97,3.4801899999999997e-16,2.95943e-17
2020,2020,2314.34,3.39597e-16,2.93065e-17
2021,2021,2314.7,3.3171599999999993e-16,2.90014e-17
2022,2022,2315.06,3.3661999999999994e-16,2.90966e-17
2023,2023,2315.42,2.42708e-16,2.66662e-17
2024,2024,2315.78,2.2454899999999995e-16,2.61936e-17
2025,2025,2316.14,2.30862e-16,2.63347e-17
2026,2026,2316.51,1.9193099999999999e-16,2.51939e-17
2027,2027,2316.87,1.2021699999999998e-16,2.30065e-17
2028,2028,2317.23,1.96051e-16,2.52505e-17
2029,2029,2317.59,2.44488e-16,2.66288e-17
2030,2030,2317.95,2.99872e-16,2.80614e-17
2031,2031,2318.32,2.13002e-16,2.57194e-17
2032,2032,2318.68,2.52606e-16,2.67325e-17
2033,2033,2319.04,2.84883e-16,2.75627e-17
2034,2034,2319.4,1.78652e-16,2.4693e-17
2035,2035,2319.76,1.75772e-16,2.46656e-17
2036,2036,2320.12,1.3007799999999998e-16,2.33726e-17
2037,2037,2320.49,1.23201e-16,2.31753e-17
2038,2038,2320.85,1.5863100000000002e-16,2.42262e-17
2039,2039,2321.21,2.20515e-16,2.58936e-17
2040,2040,2321.57,1.91441e-16,2.49532e-17
2041,2041,2321.93,1.6175199999999998e-16,2.39871e-17
2042,2042,2322.29,1.71772e-16,2.42863e-17
2043,2043,2322.66,2.6183099999999997e-16,2.68622e-17
2044,2044,2323.02,1.83506e-16,2.48065e-17
2045,2045,2323.38,2.10977e-16,2.55978e-17
2046,2046,2323.74,2.5647200000000004e-16,2.67329e-17
2047,2047,2324.1,2.4377899999999997e-16,2.62994e-17
2048,2048,2324.46,1.98481e-16,2.79341e-17
2049,2049,2324.83,1.87152e-16,2.75431e-17
2050,2050,2325.19,2.19299e-16,2.85722e-17
2051,2051,2325.55,2.8481299999999994e-16,3.05396e-17
2052,2052,2325.91,2.19329e-16,3.30777e-17
2053,2053,2326.27,1.9286399999999999e-16,3.20951e-17
2054,2054,2326.63,2.7904999999999997e-16,3.50784e-17
2055,2055,2326.99,1.75539e-16,3.14124e-17
2056,2056,2327.36,1.84376e-16,3.87729e-17
2057,2057,2327.72,2.10618e-16,3.98412e-17
2058,2058,2328.08,1.2223199999999998e-16,3.56815e-17
2059,2059,2328.44,9.625699999999996e-17,3.42755e-17
2060,2060,2328.8,9.9241e-17,4.86399e-17
2061,2061,2329.16,1.1311699999999998e-16,4.96247e-17
2062,2062,2329.53,2.19075e-16,5.67138e-17
2063,2063,2329.89,2.13455e-16,5.6476e-17
